Delivery;Item;Reference document;Delivery Type;Sold-to party;Name of sold-to party;Material;Description;Plant;Delivery quantity;Sales unit;Deliv. date(From/to);Ship-to party;Name of the ship-to party;Sales Organization;Goods Issue Date
858418871;10;137016674;LF;10015219;AGROALAS S.R.L;00097050308;PANZERGOLDLS BTLHPE20L ARG;C074;380,000;L;30/11/2021;421680;ACEITERA GENERAL DEHEZA SA;A131;30/11/2021
858455897;10;137057050;LF;970900;MC CAIN ARGENTINA SA;00000283044;DITHANENT BAGHPE42X25KG ARG;C079;25,000;KG;30/09/2021;970900;MC CAIN ARGENTINA SA;A131;29/09/2021
858506256;10;137113218;LF;1096463;SOMARUGA AGRO SA;00000098714;PRESIDE BTLHPE4X5L ARG;C072;20,000;L;30/08/2021;1096463;SOMARUGA AGRO SA;A131;30/08/2021
858551127;10;4230314592;ZLC;1358971;AGRONORTE CEREALES SRL;00099017485;RFG1RR R18 RR COR RCMQ BG80UK AR;C344;4;ZPB;23/08/2021;1358971;AGRONORTE CEREALES SRL;A131;16/07/2021
858564655;10;137168597;LF;788933;CAPELLA HECTOR CARLOS;00000360532;GALANT HL BTLCOX4X5L ARG;C074;10,000;L;21/09/2021;788933;CAPELLA HECTOR CARLOS;A131;21/09/2021
858574172;10;4230319027;ZLC;827375;RINDES Y CULTIVOS DAS S.A.;00097077571;DASH MSO MAX BTLHPE4X5L ARG;C077;560,000;L;30/09/2021;2002680;RINDES Y CULTIVOS DAS S.A.;A131;29/09/2021
858574172;20;4230319027;ZLC;827375;RINDES Y CULTIVOS DAS S.A.;00097077563;CLEARSOLIIPLUS CPKBAG2X(0.6+1.171)KG ARG;C077;150;UNT;30/09/2021;2002680;RINDES Y CULTIVOS DAS S.A.;A131;29/09/2021
858579233;10;4230318256;ZLC;811682;RIBOLDI SA;00097072863;NEXT 25.8PWU R18 COR CT CMQL BG80UK AR;C049;1;BAG;15/07/2021;811682;RIBOLDI SA;A131;15/07/2021
858593727;10;137186202;LF;1198307;AGROPECUARIA MISTOL ANCHO SA;00099074918;TOCONEXTRA BTLPET12X1L ARG;C074;30,000;L;25/09/2021;1939983;AGROPECUARIA MISTOL ANCHO SA;A131;24/09/2021
858593795;10;137193421;LF;1245484;MSU SA;00097050308;PANZERGOLDLS BTLHPE20L ARG;C074;100,000;L;08/07/2021;827374;DASER AGRO S.A.;A131;08/07/2021
858604405;10;137186340;LF;10009051;ANTONIO PRADO H;00097050308;PANZERGOLDLS BTLHPE20L ARG;C074;1.500,000;L;30/11/2021;10009051;ANTONIO PRADO H;A131;30/11/2021
858617005;10;137107974;LF;750070;ADECO AGROPECUARIA SA;00097063888;EXALTSC BTLHPE12X1L ARG;C074;3,000;L;22/07/2021;1944082;ADECO AGROPECUARIA SA;A131;22/07/2021
858618306;10;137185287;LF;1140235;HECTOR A BERTONE SA;00097029374;NEXT 22.6PWE C17 PWE COR RCMQ BG80UK AR;C049;366;ZPB;03/09/2021;1140235;HECTOR A BERTONE SA;A131;01/09/2021
858620953;10;136893567;LF;10014910;MARILAUQUEN SUR S.R.L;00097050308;PANZERGOLDLS BTLHPE20L ARG;C074;160,000;L;31/07/2021;10014910;MARILAUQUEN SUR S.R.L;A131;30/07/2021
858620958;10;136893573;LF;10014487;CAMPOOVERO SA;00097050308;PANZERGOLDLS BTLHPE20L ARG;C074;700,000;L;31/07/2021;10014487;CAMPOOVERO SA;A131;30/07/2021
858620982;10;136898434;LF;10014497;ISASI JOSE TOMAS;00097050308;PANZERGOLDLS BTLHPE20L ARG;C074;80,000;L;31/07/2021;10014497;ISASI JOSE TOMAS;A131;30/07/2021
858621721;10;137217177;LF;249737;RUTILAN SA;00000284028;TORDON24K BTLHPE4X5L URY;C077;1.600,000;L;28/07/2021;249737;RUTILAN SA;A131;28/07/2021
858622591;10;4230328079;ZLC;1431239;AGRONOMIA EL GALPON SA;00097050164;CURTAILM BTLFPE4X5L ARG;C077;160,000;L;30/11/2021;1431239;AGRONOMIA EL GALPON SA;A131;26/11/2021
858627281;10;137200450;LF;348763;DESAB S.A.;00097029364;NEXT 22.6PWU C17 PWU COR RCMQ BG80UK AR;C344;27;ZPB;04/08/2021;10014053;MORETO DEPOSITO TERCEROS;A131;03/08/2021
858627358;10;137209823;LF;702672;COOP AGRICOLA GANADERA DE;00099073048;MG360CP G3 SUN RCAMD BG180UK AR;C049;50;ZPB;11/08/2021;1843639;COOP AGRICOLA GANADERA DE;A131;06/08/2021
858631009;10;137127436;LF;348763;DESAB S.A.;00097029373;NEXT 22.6PWE SPR PWE COR RCMQ BG80UK AR;C049;72;ZPB;12/08/2021;1537583;RESGUARDO SERFIN SA;A131;11/08/2021
858631516;10;137119608;LF;10004381;GRINAAR SRL;00097063786;PASTARGOLD BTLHPE4X5L ARG;C077;20,000;L;07/09/2021;10004416;GRINAAR SRL;A131;06/09/2021
858631531;10;137227450;LF;10009198;AGROPECUARIA YUCHAN SA;00011097385;EXPEDITION BTLCOX4X5L ARG;C074;75,000;L;12/08/2021;10009198;AGROPECUARIA YUCHAN SA;A131;12/08/2021
858631844;10;4230324733;ZLC;348763;RESGUARDO SERFIN SA;00097029358;NEXT 22.6PWU R17 PWU COR RCMQ BG80UK AR;C049;4;ZPB;28/08/2021;1537583;RESGUARDO SERFIN SA;A131;13/07/2021
858632262;10;137150276;LF;348763;DESAB S.A.;00097029372;NEXT 22.6PWE SPC PWE COR RCMQ BG80UK AR;C049;436;ZPB;13/08/2021;1537583;RESGUARDO SERFIN SA;A131;12/08/2021
858633117;10;4230331018;ZLC;348764;FEDEA S.A.;00097081072;BRV3304CPDM G3 CP SUN LCLMD BG150UK AR;C049;400;ZPB;09/09/2021;1843795;FEDEA S.A.;A131;11/08/2021
858633172;20;4230330420;ZLC;1220382;AGROCOMERCIAL SUARDI SRL;00099017485;RFG1RR R18 RR COR RCMQ BG80UK AR;C344;17;ZPB;11/08/2021;1220382;AGROCOMERCIAL SUARDI SRL;A131;10/08/2021
858635591;10;137150270;LF;698907;AGRO MATORRALES SA;00097029362;NEXT 22.6PWU SPC PWU COR RCMQ BG80UK AR;C049;1;ZPB;17/08/2021;698907;AGRO MATORRALES SA;A131;13/08/2021
858635606;10;137226271;LF;2400491;GRUPO ABS S.R.L.;00099017485;RFG1RR R18 RR COR RCMQ BG80UK AR;C344;50;ZPB;31/08/2021;2400491;GRUPO ABS S.R.L.;A131;30/08/2021
858635684;10;137185287;LF;1140235;HECTOR A BERTONE SA;00097029374;NEXT 22.6PWE C17 PWE COR RCMQ BG80UK AR;C049;89;ZPB;28/07/2021;1140235;HECTOR A BERTONE SA;A131;26/07/2021
858635687;30;4230331608;ZLC;348764;FEDEA S.A.;00097071094;NEXT 22.6PWU C19 PWU COR CT CMQL BG80 AR;C049;72;ZPB;09/09/2021;1843795;FEDEA S.A.;A131;13/08/2021
858636135;10;137138973;LF;1362701;COMPANIA DE INSUMOS Y GRANOS;00097029364;NEXT 22.6PWU C17 PWU COR RCMQ BG80UK AR;C344;388;ZPB;30/08/2021;1362701;COMPANIA DE INSUMOS Y GRANOS;A131;27/08/2021
858636324;10;4230331918;ZLC;1108872;AGRO LAJITAS SA;00099017480;RFG1RR C17 RR COR RCMQ BG80UK AR;C344;15;ZPB;24/08/2021;1843011;AGRO LAJITAS SA;A131;17/08/2021
858636371;30;4230331608;ZLC;348764;FEDEA S.A.;00097071094;NEXT 22.6PWU C19 PWU COR CT CMQL BG80 AR;C049;121;ZPB;17/08/2021;1843795;FEDEA S.A.;A131;13/08/2021
858636468;20;4230331608;ZLC;348764;FEDEA S.A.;00097029359;NEXT 22.6PWU R19 PWU COR RCMQ BG80UK AR;C049;287;ZPB;09/09/2021;1843795;FEDEA S.A.;A131;13/08/2021
858636500;10;4230332011;ZLC;1108872;AGRO LAJITAS SA;00097071078;510PWU C17 PWU COR CT CMQL BG80UK AR;C344;185;ZPB;24/08/2021;1843011;AGRO LAJITAS SA;A131;17/08/2021
858636761;40;4230331608;ZLC;348764;FEDEA S.A.;00097071095;NEXT 22.6PWU C21 PWU COR CT CMQL BG80 AR;C049;155;ZPB;09/09/2021;1843795;FEDEA S.A.;A131;13/08/2021
858638190;10;4230332331;ZLC;422082;DISTRIBUIDORA ROYJO SRL;00099017485;RFG1RR R18 RR COR RCMQ BG80UK AR;C344;50;ZPB;09/09/2021;2245367;DISTRIBUIDORA ROYJO SRL;A131;08/09/2021
858638194;10;4230332335;ZLC;1077555;NORTE FERTIL SRL;00099017485;RFG1RR R18 RR COR RCMQ BG80UK AR;C344;50;ZPB;09/09/2021;1077555;NORTE FERTIL SRL;A131;08/09/2021
858638196;10;4230332337;ZLC;1220382;AGROCOMERCIAL SUARDI SRL;00097071079;510PWU C18 PWU COR CT CMQL BG80UK AR;C344;530;ZPB;09/09/2021;1840779;AGROCOMERCIAL SUARDI SRL;A131;08/09/2021
858638745;10;137232636;LF;348763;DESAB S.A.;00097029375;NEXT 22.6PWE C19 PWE COR RCMQ BG80UK AR;C049;212;BAG;19/08/2021;1843691;DESAB S.A.;A131;18/08/2021
858638751;10;137232636;LF;348763;DESAB S.A.;00097029365;NEXT 22.6PWU C19 PWU COR RCMQ BG80UK AR;C344;350;BAG;19/08/2021;1843691;DESAB S.A.;A131;18/08/2021
858638997;10;137196884;LF;10003693;VERDEOS E INSUMOS AGROPECUARIOS;00099074918;TOCONEXTRA BTLPET12X1L ARG;C077;96,000;L;30/10/2021;10004241;VERDEOS E INSUMOS AGROPECUARIOS SRL;A131;27/10/2021
858639034;10;4230332522;ZLC;348767;SUMIDAS JV S.A.;00099074918;TOCONEXTRA BTLPET12X1L ARG;C077;300,000;L;30/10/2021;1066272;SUMIDAS JV S.A.;A131;28/10/2021
858639569;10;4230332667;ZLC;421706;AGROEMPRESA COLON SA;00099017485;RFG1RR R18 RR COR RCMQ BG80UK AR;C344;51;ZPB;10/09/2021;421706;AGROEMPRESA COLON SA;A131;09/09/2021
858639778;20;137233528;LF;2347165;ALBOCAMPO SA;00097071094;NEXT 22.6PWU C19 PWU COR CT CMQL BG80 AR;C049;80;ZPB;20/08/2021;2347165;ALBOCAMPO SA;A131;18/08/2021
858639786;10;4230332555;ZLC;1233452;DON ITALO SA;00097029366;NEXT 22.6PWU C21 PWU COR RCMQ BG80UK AR;C344;140;ZPB;09/09/2021;1233452;DON ITALO SA;A131;26/08/2021
858639881;10;4230328029;ZLC;421728;AGRONORT SA;00097071079;510PWU C18 PWU COR CT CMQL BG80UK AR;C344;72;ZPB;26/08/2021;421728;AGRONORT SA;A131;02/08/2021
858640774;10;137138958;LF;1362701;COMPANIA DE INSUMOS Y GRANOS;00097029366;NEXT 22.6PWU C21 PWU COR RCMQ BG80UK AR;C344;140;ZPB;20/08/2021;1569500;COMPANIA DE INSUMOS Y GRANOS;A131;19/08/2021
858641107;10;137223642;LF;10003425;AGRO LORETO SA;00097071072;510PWU R17 PWU COR CT CMQL BG80UK AR;C344;360;ZPB;23/08/2021;10007206;AGRO LORETO SA;A131;20/08/2021
858642158;10;137237996;LF;1096463;SOMARUGA AGRO SA;00097018141;DELEGATE BTLHPE12X300GR ARG;C072;18,000;KG;21/08/2021;1096463;SOMARUGA AGRO SA;A131;20/08/2021
858642441;10;4230332985;ZLC;1519556;INSUMOS DEL CENTRO SA;00097029373;NEXT 22.6PWE SPR PWE COR RCMQ BG80UK AR;C049;5;ZPB;23/08/2021;1844308;INSUMOS DEL CENTRO SA;A131;20/08/2021
858642450;30;4230331608;ZLC;348764;FEDEA S.A.;00097071094;NEXT 22.6PWU C19 PWU COR CT CMQL BG80 AR;C049;72;ZPB;09/09/2021;1843795;FEDEA S.A.;A131;13/08/2021
858642569;10;4230333359;ZLC;348764;FEDEA S.A.;00097029375;NEXT 22.6PWE C19 PWE COR RCMQ BG80UK AR;C049;25;ZPB;09/09/2021;1843799;FEDEA S.A.;A131;23/08/2021
858643065;10;137081962;LF;249737;RUTILAN SA;00097066712;PANZERGOLDLS BTLHPE20L URY;C077;2.400,000;L;24/08/2021;249737;RUTILAN SA;A131;24/08/2021
858643258;10;4230333468;ZLC;1358971;AGRONORTE CEREALES SRL;00099017485;RFG1RR R18 RR COR RCMQ BG80UK AR;C344;7;ZPB;15/09/2021;1358971;AGRONORTE CEREALES SRL;A131;14/09/2021
858643259;10;4230333469;ZLC;698907;AGRO MATORRALES SA;00099017485;RFG1RR R18 RR COR RCMQ BG80UK AR;C344;10;ZPB;15/09/2021;698907;AGRO MATORRALES SA;A131;14/09/2021
858643260;10;4230333470;ZLC;421706;AGROEMPRESA COLON SA;00099017485;RFG1RR R18 RR COR RCMQ BG80UK AR;C344;8;ZPB;15/09/2021;421706;AGROEMPRESA COLON SA;A131;14/09/2021
858643503;10;137171968;LF;10026668;AGROPECUARIA LA COSECHA SA;00097072862;NEXT 25.8PWU R17 COR CT CMQL BG80UK AR;C049;4;ZPB;25/08/2021;10026743;AGROPECUARIA LA COSECHA SA;A131;24/08/2021
858643557;10;4230333467;ZLC;421706;AGROEMPRESA COLON SA;00097029374;NEXT 22.6PWE C17 PWE COR RCMQ BG80UK AR;C049;39;ZPB;31/08/2021;421706;AGROEMPRESA COLON SA;A131;27/08/2021
858643687;10;4230333467;ZLC;421706;AGROEMPRESA COLON SA;00097029374;NEXT 22.6PWE C17 PWE COR RCMQ BG80UK AR;C049;3;ZPB;31/08/2021;421706;AGROEMPRESA COLON SA;A131;27/08/2021
858643734;10;4230333595;ZLC;1220382;AGROCOMERCIAL SUARDI SRL;00097071077;510PWU C16 PWU COR CT CMQL BG80UK AR;C344;275;ZPB;25/08/2021;1220382;AGROCOMERCIAL SUARDI SRL;A131;24/08/2021
858643736;10;4230333597;ZLC;1220382;AGROCOMERCIAL SUARDI SRL;00097071072;510PWU R17 PWU COR CT CMQL BG80UK AR;C344;430;ZPB;09/09/2021;1220382;AGROCOMERCIAL SUARDI SRL;A131;08/09/2021
858643796;10;4230333612;ZLC;1358971;AGRONORTE CEREALES SRL;00097029368;NEXT 22.6PWE R17 PWE COR RCMQ BG80UK AR;C049;100;ZPB;25/08/2021;1358971;AGRONORTE CEREALES SRL;A131;24/08/2021
858644876;10;137167572;LF;1159304;AGROIDEAS SA;00097029360;NEXT 22.6PWU R21 PWU COR RCMQ BG80UK AR;C049;380;ZPB;25/08/2021;10027676;AGROIDEAS SA;A131;23/08/2021
858645024;10;4230333792;ZLC;1519556;INSUMOS DEL CENTRO SA;00099079278;507PWU SPR PWU COR RCMQ BG80UK AR;C344;26;ZPB;26/08/2021;1844308;INSUMOS DEL CENTRO SA;A131;25/08/2021
858645059;10;137222513;LF;1159304;AGROIDEAS SA;00099079300;507PWU C17 PWU COR RCMQ BG80UK AR;C344;50;ZPB;27/08/2021;10027676;AGROIDEAS SA;A131;25/08/2021
858645105;10;4230333466;ZLC;750105;EL ALAMO SRL;00097029374;NEXT 22.6PWE C17 PWE COR RCMQ BG80UK AR;C049;97;ZPB;30/08/2021;750105;EL ALAMO SRL;A131;26/08/2021
858645109;10;137222512;LF;1159304;AGROIDEAS SA;00099079273;507PWU R16 PWU COR RCMQ BG80UK AR;C344;217;ZPB;27/08/2021;10027676;AGROIDEAS SA;A131;25/08/2021
858645169;10;137235583;LF;421990;CARGILL SACEI;00097070886;RFG22RRE R17 ERR COR CT RCMQ BG80UK AR;C049;40;ZPB;26/08/2021;1843398;CARGILL SACEI;A131;25/08/2021
858645169;20;137235583;LF;421990;CARGILL SACEI;00097070887;RFG22RRE R19 ERR COR CT RCMQ BG80UK AR;C049;100;ZPB;26/08/2021;1843398;CARGILL SACEI;A131;25/08/2021
858645179;10;137237024;LF;2347145;PRODUSEM SOCIEDAD ANONIMA;00099017479;RFG1RR C16 RR COR RCMQ BG80UK AR;C344;234;ZPB;26/08/2021;2347145;PRODUSEM SOCIEDAD ANONIMA;A131;25/08/2021
858645179;20;137237024;LF;2347145;PRODUSEM SOCIEDAD ANONIMA;00099017481;RFG1RR C18 RR COR RCMQ BG80UK AR;C344;168;ZPB;26/08/2021;2347145;PRODUSEM SOCIEDAD ANONIMA;A131;25/08/2021
858645180;10;137237024;LF;2347145;PRODUSEM SOCIEDAD ANONIMA;00099017481;RFG1RR C18 RR COR RCMQ BG80UK AR;C344;285;ZPB;09/09/2021;2347145;PRODUSEM SOCIEDAD ANONIMA;A131;08/09/2021
858645185;10;4230333595;ZLC;1220382;AGROCOMERCIAL SUARDI SRL;00097071077;510PWU C16 PWU COR CT CMQL BG80UK AR;C344;158;ZPB;25/08/2021;1220382;AGROCOMERCIAL SUARDI SRL;A131;24/08/2021
858645193;10;137233514;LF;1140235;HECTOR A BERTONE SA;00097029368;NEXT 22.6PWE R17 PWE COR RCMQ BG80UK AR;C049;78;ZPB;27/08/2021;10014053;MORETO DEPOSITO TERCEROS;A131;26/08/2021
858645210;10;137229743;LF;1233452;DON ITALO SA;00097029366;NEXT 22.6PWU C21 PWU COR RCMQ BG80UK AR;C344;600;ZPB;26/08/2021;1233452;DON ITALO SA;A131;25/08/2021
858645219;10;137235686;LF;422082;DISTRIBUIDORA ROYJO SRL;00097071078;510PWU C17 PWU COR CT CMQL BG80UK AR;C344;10;BAG;26/08/2021;2245367;DISTRIBUIDORA ROYJO SRL;A131;25/08/2021
858645303;10;137222513;LF;1159304;AGROIDEAS SA;00099079301;507PWU C18 PWU COR RCMQ BG80UK AR;C344;5;ZPB;28/08/2021;10027676;AGROIDEAS SA;A131;25/08/2021
858645306;10;137229387;LF;1358971;AGRONORTE CEREALES SRL;00099071473;NEXT20.6PW R17 PW COR RCMQ BG80UK AR;C344;6;BAG;26/08/2021;1358971;AGRONORTE CEREALES SRL;A131;25/08/2021
858645309;10;4230333848;ZLC;422082;DISTRIBUIDORA ROYJO SRL;00097029374;NEXT 22.6PWE C17 PWE COR RCMQ BG80UK AR;C049;146;ZPB;28/08/2021;2245367;DISTRIBUIDORA ROYJO SRL;A131;25/08/2021
858645310;10;4230333849;ZLC;1108872;AGRO LAJITAS SA;00099017482;RFG1RR C20 RR COR RCMQ BG80UK AR;C344;36;ZPB;01/09/2021;1843011;AGRO LAJITAS SA;A131;25/08/2021
858645312;10;4230333850;ZLC;737857;GESAGRO SA;00097029374;NEXT 22.6PWE C17 PWE COR RCMQ BG80UK AR;C049;112;ZPB;06/09/2021;737857;GESAGRO SA;A131;25/08/2021
858645336;10;137233514;LF;1140235;HECTOR A BERTONE SA;00097029368;NEXT 22.6PWE R17 PWE COR RCMQ BG80UK AR;C049;222;ZPB;27/08/2021;10014053;MORETO DEPOSITO TERCEROS;A131;26/08/2021
858645340;10;4230333466;ZLC;1817584;CORTEVA AGRISCIENCE ARGENTINA;00097029374;NEXT 22.6PWE C17 PWE COR RCMQ BG80UK AR;C049;45;ZPB;30/08/2021;1817584;CORTEVA AGRISCIENCE ARGENTINA;A131;26/08/2021
858645341;10;4230333548;ZLC;1358971;AGRONORTE CEREALES SRL;00097029374;NEXT 22.6PWE C17 PWE COR RCMQ BG80UK AR;C049;300;ZPB;26/08/2021;1358971;AGRONORTE CEREALES SRL;A131;25/08/2021
858645670;10;137185283;LF;1140235;HECTOR A BERTONE SA;00097070893;RFG22RRE C19 ERR COR CT RCMQ BG80UK AR;C049;25;ZPB;26/08/2021;10014053;MORETO DEPOSITO TERCEROS;A131;25/08/2021
858645670;20;137185283;LF;1140235;HECTOR A BERTONE SA;00097029375;NEXT 22.6PWE C19 PWE COR RCMQ BG80UK AR;C049;230;ZPB;26/08/2021;10014053;MORETO DEPOSITO TERCEROS;A131;25/08/2021
858645672;10;137220808;LF;1140235;HECTOR A BERTONE SA;00097029358;NEXT 22.6PWU R17 PWU COR RCMQ BG80UK AR;C049;800;ZPB;30/08/2021;10014053;MORETO DEPOSITO TERCEROS;A131;27/08/2021
858645682;10;137195727;LF;1140235;HECTOR A BERTONE SA;00097071075;510PWU SPC PWU COR CT CMQL BG80UK AR;C344;164;ZPB;09/09/2021;10014053;MORETO DEPOSITO TERCEROS;A131;08/09/2021
858645688;10;137235540;LF;1140235;HECTOR A BERTONE SA;00099079273;507PWU R16 PWU COR RCMQ BG80UK AR;C344;1;ZPB;25/08/2021;2224670;HECTOR A BERTONE SA;A131;24/08/2021
858646510;10;137238355;LF;10006216;ALEJANDRO AYERZA;00000115146;SPIDER PCHALM10X5X0.10KG ARG;C074;80,000;KG;25/08/2021;10008425;ALEJANDRO AYERZA;A131;25/08/2021
858646515;10;137189132;LF;811682;RIBOLDI SA;00097029359;NEXT 22.6PWU R19 PWU COR RCMQ BG80UK AR;C344;64;ZPB;30/08/2021;811682;RIBOLDI SA;A131;26/08/2021
858646515;20;137189132;LF;811682;RIBOLDI SA;00097029359;NEXT 22.6PWU R19 PWU COR RCMQ BG80UK AR;C344;62;ZPB;30/08/2021;811682;RIBOLDI SA;A131;26/08/2021
858646651;10;137240153;LF;901028;VIREYES AGROPECUARIA SA EF;00097080399;NTO2.5CP G3 CP SUN LCLMD BG150UK AR;C049;220;ZPB;30/08/2021;1935896;VIREYES AGROPECUARIA SA EF;A131;25/08/2021
858646654;10;137240550;LF;901028;VIREYES AGROPECUARIA SA EF;00099073048;MG360CP G3 SUN RCAMD BG180UK AR;C049;100;BAG;26/08/2021;1938173;VIREYES AGROPECUARIA SA EF;A131;25/08/2021
858646665;10;137235772;LF;693960;COOPERATIVA AGRICOLA GANADERA;00099017479;RFG1RR C16 RR COR RCMQ BG80UK AR;C344;30;ZPB;27/08/2021;693960;COOPERATIVA AGRICOLA GANADERA;A131;26/08/2021
858646667;10;137241176;LF;421686;ADMINISTRACION ENRIQUE DUHAU;00097029360;NEXT 22.6PWU R21 PWU COR RCMQ BG80UK AR;C344;1.000;ZPB;02/09/2021;2003144;ADMINISTRACION ENRIQUE DUHAU;A131;31/08/2021
858646668;10;137238031;LF;711987;MORERO Y CIA SACIAI Y F;00097071079;510PWU C18 PWU COR CT CMQL BG80UK AR;C344;33;ZPB;09/09/2021;711987;MORERO Y CIA SACIAI Y F;A131;08/09/2021
858646683;10;4230334078;ZLC;1191172;AGRUPACION CAMPONUEVO SA;00097078737;BRV8380PWU C21 PWU COR CT RCMQ BG80 AR;C344;20;BAG;30/08/2021;1191172;AGRUPACION CAMPONUEVO SA;A131;26/08/2021
858646707;10;137238165;LF;693960;COOPERATIVA AGRICOLA GANADERA;00099017479;RFG1RR C16 RR COR RCMQ BG80UK AR;C344;50;ZPB;27/08/2021;693960;COOPERATIVA AGRICOLA GANADERA;A131;26/08/2021
858646769;10;137235583;LF;421990;CARGILL SACEI;00099072663;BORAX PW R16 PW COR RCMQ BG80UK AR;C344;192;ZPB;01/09/2021;1843398;CARGILL SACEI;A131;31/08/2021
858646782;10;4230334105;ZLC;348767;SUMIDAS;00097070892;RFG22RRE C17 ERR COR CT RCMQ BG80UK AR;C049;6;ZPB;30/08/2021;10007404;SUMIDAS;A131;26/08/2021
858646813;10;4230334109;ZLC;1016774;TEKUN SA;00099073048;MG360CP G3 SUN RCAMD BG180UK AR;C049;100;ZPB;30/08/2021;1016774;TEKUN SA;A131;26/08/2021
858646814;10;4230334110;ZLC;348764;FEDEA S.A.;00099073048;MG360CP G3 SUN RCAMD BG180UK AR;C049;75;ZPB;30/08/2021;1843795;FEDEA S.A.;A131;26/08/2021
858646853;10;137150276;LF;348763;DESAB S.A.;00097029372;NEXT 22.6PWE SPC PWE COR RCMQ BG80UK AR;C049;517;ZPB;28/08/2021;1537583;RESGUARDO SERFIN SA;A131;26/08/2021
858646853;20;137150276;LF;348763;DESAB S.A.;00097029372;NEXT 22.6PWE SPC PWE COR RCMQ BG80UK AR;C049;270;ZPB;28/08/2021;1537583;RESGUARDO SERFIN SA;A131;26/08/2021
858647659;10;137236919;LF;749936;ASOCIADOS DON MARIO SA;00097059213;DUO30PWU C19 PWU COR CT RCMQ BG80UK AR;C344;397;ZPB;27/08/2021;1905996;FORRATEC ARGENTINA S.A.;A131;26/08/2021
858647672;10;4230334261;ZLC;1108872;AGRO LAJITAS SA;00097071074;510PWU R20 PWU COR CT CMQL BG80UK AR;C344;176;ZPB;15/09/2021;1843011;AGRO LAJITAS SA;A131;08/09/2021
858647700;10;137220822;LF;1362701;COMPANIA DE INSUMOS Y GRANOS;00099017479;RFG1RR C16 RR COR RCMQ BG80UK AR;C344;80;ZPB;27/08/2021;1569500;COMPANIA DE INSUMOS Y GRANOS;A131;26/08/2021
858647765;10;137241337;LF;249737;RUTILAN SA;00097031473;DUO30PW C19 PW COR RCMQ BG80UK UY;C344;0;BAG;02/09/2021;249737;RUTILAN SA;A131;02/09/2021
858647765;20;137241337;LF;249737;RUTILAN SA;00097031471;DUO30PW C21 PW COR RCMQ BG80UK UY;C344;0;BAG;02/09/2021;249737;RUTILAN SA;A131;02/09/2021
858647765;30;137241337;LF;249737;RUTILAN SA;00097031466;DUO30PW R17 PW COR RCMQ BG80UK UY;C344;0;BAG;02/09/2021;249737;RUTILAN SA;A131;02/09/2021
858647765;900001;137241337;LF;249737;RUTILAN SA;00097031473;DUO30PW C19 PW COR RCMQ BG80UK UY;C344;300;BAG;02/09/2021;249737;RUTILAN SA;A131;02/09/2021
858647765;900002;137241337;LF;249737;RUTILAN SA;00097031471;DUO30PW C21 PW COR RCMQ BG80UK UY;C344;357;BAG;02/09/2021;249737;RUTILAN SA;A131;02/09/2021
858647765;900003;137241337;LF;249737;RUTILAN SA;00097031466;DUO30PW R17 PW COR RCMQ BG80UK UY;C344;360;BAG;02/09/2021;249737;RUTILAN SA;A131;02/09/2021
858647774;10;4230334299;ZLC;802953;MERSAGRO SA;00097029370;NEXT 22.6PWE R21 PWE COR RCMQ BG80UK AR;C049;300;ZPB;07/09/2021;802953;MERSAGRO SA;A131;27/08/2021
858647774;20;4230334299;ZLC;802953;MERSAGRO SA;00097070888;RFG22RRE R21 ERR COR CT RCMQ BG80UK AR;C049;40;ZPB;07/09/2021;802953;MERSAGRO SA;A131;27/08/2021
858647888;10;137237560;LF;447470;ECONOMART SRL;00097029360;NEXT 22.6PWU R21 PWU COR RCMQ BG80UK AR;C344;144;ZPB;31/08/2021;2051734;ECONOMART SRL;A131;27/08/2021
858647889;10;137237564;LF;447470;ECONOMART SRL;00097029360;NEXT 22.6PWU R21 PWU COR RCMQ BG80UK AR;C344;420;ZPB;01/09/2021;10008963;ECONOMART SRL;A131;27/08/2021
858647942;10;137222844;LF;2344675;CERROS SERV AGRICOLAS SA;00097029368;NEXT 22.6PWE R17 PWE COR RCMQ BG80UK AR;C049;59;ZPB;28/08/2021;2408421;CERROS SERV AGRICOLAS SA;A131;26/08/2021
858647942;20;137222844;LF;2344675;CERROS SERV AGRICOLAS SA;00097076123;NEXT 22.6PWE R16 PWE COR CT RCMQ BG80 AR;C049;71;ZPB;28/08/2021;2408421;CERROS SERV AGRICOLAS SA;A131;26/08/2021
858647943;10;137222844;LF;2344675;CERROS SERV AGRICOLAS SA;00097076123;NEXT 22.6PWE R16 PWE COR CT RCMQ BG80 AR;C049;61;ZPB;27/08/2021;2408421;CERROS SERV AGRICOLAS SA;A131;26/08/2021
858647950;10;137241484;LF;1112012;AGROCONSULTA SRL;00000298079;INTREPID240SC BTLHPE4X5L ARG;C078;80,000;L;27/08/2021;1112012;AGROCONSULTA SRL;A131;27/08/2021
858647950;20;137241484;LF;1112012;AGROCONSULTA SRL;00000298134;INTREPID240SC BTLHPE12X1L ARG;C078;48,000;L;27/08/2021;1112012;AGROCONSULTA SRL;A131;27/08/2021
858647960;10;4230334325;ZLC;2344675;CERROS SERV AGRICOLAS SA;00097029368;NEXT 22.6PWE R17 PWE COR RCMQ BG80UK AR;C049;266;ZPB;30/08/2021;2408421;CERROS SERV AGRICOLAS SA;A131;27/08/2021
858647961;30;4230334326;ZLC;2344675;CERROS SERV AGRICOLAS SA;00097029375;NEXT 22.6PWE C19 PWE COR RCMQ BG80UK AR;C049;153;ZPB;02/09/2021;2408421;CERROS SERV AGRICOLAS SA;A131;27/08/2021
858648050;10;137241404;LF;1140235;HECTOR A BERTONE SA;00097078732;BRV8380PWU SPC PWU COR CT RCMQ BG80 AR;C344;135;ZPB;30/08/2021;1140235;HECTOR A BERTONE SA;A131;27/08/2021
858648082;10;137241230;LF;901028;VIREYES AGROPECUARIA SA EF;00097080399;NTO2.5CP G3 CP SUN LCLMD BG150UK AR;C049;180;BAG;30/08/2021;2052418;VIREYES AGROPECUARIA SA EF;A131;26/08/2021
858648374;10;136894693;LF;1042786;GANADERA DEL NORDESTE SRL;00097063888;EXALTSC BTLHPE12X1L ARG;C074;28,000;L;30/08/2021;1108872;AGRO LAJITAS SA;A131;30/08/2021
858648569;10;137240208;LF;10006170;SEMILLERO CATRIEL S.R.L.;00000115146;SPIDER PCHALM10X5X0.10KG ARG;C074;20,000;KG;27/08/2021;10006170;SEMILLERO CATRIEL S.R.L.;A131;27/08/2021
858648573;10;137240326;LF;10008416;MATIAS AYERZA SAS;00000115146;SPIDER PCHALM10X5X0.10KG ARG;C074;15,000;KG;27/08/2021;10018917;MATIAS AYERZA SAS;A131;27/08/2021
858648584;10;137241345;LF;249737;RUTILAN SA;00097021308;NEXT22.6PW C19 PW COR RCMQ BG80UK UY;C049;0;BAG;08/09/2021;249737;RUTILAN SA;A131;08/09/2021
858648584;900001;137241345;LF;249737;RUTILAN SA;00097021308;NEXT22.6PW C19 PW COR RCMQ BG80UK UY;C049;833;BAG;08/09/2021;249737;RUTILAN SA;A131;08/09/2021
858648593;10;137241345;LF;249737;RUTILAN SA;00097031473;DUO30PW C19 PW COR RCMQ BG80UK UY;C344;0;BAG;08/09/2021;249737;RUTILAN SA;A131;08/09/2021
858648593;900001;137241345;LF;249737;RUTILAN SA;00097031473;DUO30PW C19 PW COR RCMQ BG80UK UY;C344;360;BAG;08/09/2021;249737;RUTILAN SA;A131;08/09/2021
858648639;10;137235208;LF;10014891;KALBERMATTER LUIS VICENTE;00000314808;STARANEXTRA BTLCOX4X5L ARG;C077;400,000;L;02/09/2021;2071837;ACEITERA GENERAL DEHEZA SA;A131;31/08/2021
858648953;10;137195727;LF;1140235;HECTOR A BERTONE SA;00097071075;510PWU SPC PWU COR CT CMQL BG80UK AR;C344;86;ZPB;09/09/2021;10014053;MORETO DEPOSITO TERCEROS;A131;08/09/2021
858649325;10;137223642;LF;10003425;AGRO LORETO SA;00097071072;510PWU R17 PWU COR CT CMQL BG80UK AR;C344;116;ZPB;23/08/2021;10007206;AGRO LORETO SA;A131;20/08/2021
858649327;30;4230334326;ZLC;2344675;CERROS SERV AGRICOLAS SA;00097029375;NEXT 22.6PWE C19 PWE COR RCMQ BG80UK AR;C049;576;ZPB;02/09/2021;2408421;CERROS SERV AGRICOLAS SA;A131;27/08/2021
858649531;10;4230334580;ZLC;1159304;AGROIDEAS SA;00000098714;PRESIDE BTLHPE4X5L ARG;C077;400,000;L;08/09/2021;2086026;AGROIDEAS SA;A131;06/09/2021
858650040;10;4230334681;ZLC;750018;PRONOR SA;00000098714;PRESIDE BTLHPE4X5L ARG;C077;100,000;L;10/09/2021;750018;PRONOR SA;A131;09/09/2021
858650142;10;4230330273;ZLC;421706;AGROEMPRESA COLON SA;00099079277;507PWU SPC PWU COR RCMQ BG80UK AR;C344;29;ZPB;01/09/2021;421706;AGROEMPRESA COLON SA;A131;31/08/2021
858650207;10;137237554;LF;10015745;RED COW SRL;00097072861;NEXT 25.8PWU R16 COR CT CMQL BG80UK AR;C049;1.690;ZPB;03/09/2021;2071837;ACEITERA GENERAL DEHEZA SA;A131;01/09/2021
858650208;10;137171977;LF;10026233;LOS GATOS COLORADOS SA;00097079255;BRV8472PWUN R16 PWU COR CT CMQL BG80UKAR;C049;690;ZPB;02/09/2021;10026233;LOS GATOS COLORADOS SA;A131;01/09/2021
858650214;10;137183885;LF;10026004;MADARO S.R.L.;00097079256;BRV8472PWUN R17 PWU COR CT CMQL BG80UKAR;C049;95;ZPB;02/09/2021;10026138;MADARO SRL (CORDOBA);A131;31/08/2021
858650215;10;137216620;LF;10010174;DON ENRIQUE SRL;00097079255;BRV8472PWUN R16 PWU COR CT CMQL BG80UKAR;C049;200;ZPB;03/09/2021;2071837;ACEITERA GENERAL DEHEZA SA;A131;01/09/2021
858650270;10;137139653;LF;348763;DESAB S.A.;00097079282;BRV8472PWU C17 PWU COR CT CMQL BG80UK AR;C049;38;ZPB;03/09/2021;348763;DESAB S.A.;A131;01/09/2021
858650279;10;137210361;LF;421680;ACEITERA GENERAL DEHEZA SA;00097079282;BRV8472PWU C17 PWU COR CT CMQL BG80UK AR;C049;453;ZPB;02/09/2021;421680;ACEITERA GENERAL DEHEZA SA;A131;31/08/2021
858650281;10;137223654;LF;811682;RIBOLDI SA;00097079260;BRV8472PWUN SPR PWU COR CT CMQL BG80UKAR;C049;200;ZPB;03/09/2021;811682;RIBOLDI SA;A131;02/09/2021
858650307;10;137183844;LF;10019371;PRIOTTI MAURICIO ARIEL;00097079255;BRV8472PWUN R16 PWU COR CT CMQL BG80UKAR;C049;40;BAG;03/09/2021;2071837;ACEITERA GENERAL DEHEZA SA;A131;01/09/2021
858650311;10;137183851;LF;10014858;PRIOTTI SERGIO ANDRES;00097079255;BRV8472PWUN R16 PWU COR CT CMQL BG80UKAR;C049;40;BAG;03/09/2021;2071837;ACEITERA GENERAL DEHEZA SA;A131;01/09/2021
858650314;10;137183853;LF;10015362;TINGAZU SA;00097079255;BRV8472PWUN R16 PWU COR CT CMQL BG80UKAR;C049;120;BAG;03/09/2021;2071837;ACEITERA GENERAL DEHEZA SA;A131;01/09/2021
858650316;10;137219936;LF;10015362;TINGAZU SA;00097079255;BRV8472PWUN R16 PWU COR CT CMQL BG80UKAR;C049;20;ZPB;03/09/2021;2071837;ACEITERA GENERAL DEHEZA SA;A131;01/09/2021
858650320;10;137219941;LF;10014858;PRIOTTI SERGIO ANDRES;00097079255;BRV8472PWUN R16 PWU COR CT CMQL BG80UKAR;C049;140;ZPB;03/09/2021;2071837;ACEITERA GENERAL DEHEZA SA;A131;01/09/2021
858650330;10;137219944;LF;10019371;PRIOTTI MAURICIO ARIEL;00097079255;BRV8472PWUN R16 PWU COR CT CMQL BG80UKAR;C049;140;ZPB;03/09/2021;2071837;ACEITERA GENERAL DEHEZA SA;A131;01/09/2021
858650346;10;137242463;LF;2004980;TILO PAMPA SA;00097029366;NEXT 22.6PWU C21 PWU COR RCMQ BG80UK AR;C344;80;ZPB;02/09/2021;2010560;TILO PAMPA SA;A131;01/09/2021
858650346;20;137242463;LF;2004980;TILO PAMPA SA;00097027004;RFG22RR C19 RR COR RCMQ BG80UK AR;C344;8;ZPB;02/09/2021;2010560;TILO PAMPA SA;A131;01/09/2021
858650349;10;137138773;LF;693960;COOPERATIVA AGRICOLA GANADERA;00097079256;BRV8472PWU R17 PWU COR CT CMQL BG80UK AR;C049;72;ZPB;03/09/2021;693960;COOPERATIVA AGRICOLA GANADERA;A131;01/09/2021
858650349;20;137138773;LF;693960;COOPERATIVA AGRICOLA GANADERA;00097079259;BRV8472PWU SPC PWU COR CT CMQL BG80UK AR;C049;90;ZPB;03/09/2021;693960;COOPERATIVA AGRICOLA GANADERA;A131;01/09/2021
858650351;10;137139633;LF;1108872;AGRO LAJITAS SA;00097079282;BRV8472PWU C17 PWU COR CT CMQL BG80UK AR;C049;22;ZPB;06/09/2021;1843007;AGRO LAJITAS SA;A131;31/08/2021
858650351;20;137139633;LF;1108872;AGRO LAJITAS SA;00097079259;BRV8472PWU SPC PWU COR CT CMQL BG80UK AR;C049;128;ZPB;06/09/2021;1843007;AGRO LAJITAS SA;A131;31/08/2021
858650354;10;137141489;LF;1108872;AGRO LAJITAS SA;00097079281;BRV8472PWU C16 PWU COR CT CMQL BG80UK AR;C049;247;ZPB;06/09/2021;1843007;AGRO LAJITAS SA;A131;31/08/2021
858650354;20;137141489;LF;1108872;AGRO LAJITAS SA;00097079260;BRV8472PWU SPR PWU COR CT CMQL BG80UK AR;C049;50;ZPB;06/09/2021;1843007;AGRO LAJITAS SA;A131;31/08/2021
858650355;10;137141504;LF;811682;RIBOLDI SA;00097079283;BRV8472PWU C18 PWU COR CT CMQL BG80UK AR;C049;900;ZPB;03/09/2021;811682;RIBOLDI SA;A131;02/09/2021
858650355;20;137141504;LF;811682;RIBOLDI SA;00097079260;BRV8472PWU SPR PWU COR CT CMQL BG80UK AR;C049;124;ZPB;03/09/2021;811682;RIBOLDI SA;A131;02/09/2021
858650358;10;137150237;LF;422082;DISTRIBUIDORA ROYJO SRL;00097079260;BRV8472PWUN SPR PWU COR CT CMQL BG80UKAR;C049;8;ZPB;03/09/2021;2245367;DISTRIBUIDORA ROYJO SRL;A131;01/09/2021
858650359;10;137150244;LF;422082;DISTRIBUIDORA ROYJO SRL;00097079260;BRV8472PWUN SPR PWU COR CT CMQL BG80UKAR;C049;60;ZPB;03/09/2021;2245367;DISTRIBUIDORA ROYJO SRL;A131;01/09/2021
858650360;10;137151868;LF;348767;SUMIDAS JV S.A.;00097079260;BRV8472PWUN SPR PWU COR CT CMQL BG80UKAR;C049;19;ZPB;03/09/2021;2068241;SUMIDAS JV S.A.;A131;01/09/2021
858650361;10;137157646;LF;1362701;COMPANIA DE INSUMOS Y GRANOS;00097079283;BRV8472PWUN C18 PWU COR CT CMQL BG80UKAR;C049;343;ZPB;03/09/2021;1362701;COMPANIA DE INSUMOS Y GRANOS;A131;02/09/2021
858650361;20;137157646;LF;1362701;COMPANIA DE INSUMOS Y GRANOS;00097079260;BRV8472PWUN SPR PWU COR CT CMQL BG80UKAR;C049;280;ZPB;03/09/2021;1362701;COMPANIA DE INSUMOS Y GRANOS;A131;02/09/2021
858650362;10;137174439;LF;1108872;AGRO LAJITAS SA;00097079259;BRV8472PWUN SPC PWU COR CT CMQL BG80UKAR;C049;68;ZPB;06/09/2021;1843007;AGRO LAJITAS SA;A131;31/08/2021
858650364;10;137183826;LF;827374;DASER AGRO S.A.;00097079281;BRV8472PWUN C16 PWU COR CT CMQL BG80UKAR;C049;270;ZPB;08/09/2021;827374;DASER AGRO S.A.;A131;03/09/2021
858650365;10;137183829;LF;827374;DASER AGRO S.A.;00097079281;BRV8472PWUN C16 PWU COR CT CMQL BG80UKAR;C049;183;ZPB;08/09/2021;827374;DASER AGRO S.A.;A131;03/09/2021
858650366;10;137183838;LF;827374;DASER AGRO S.A.;00097079281;BRV8472PWUN C16 PWU COR CT CMQL BG80UKAR;C049;125;ZPB;08/09/2021;827374;DASER AGRO S.A.;A131;03/09/2021
858650369;10;137183841;LF;827374;DASER AGRO S.A.;00097079255;BRV8472PWUN R16 PWU COR CT CMQL BG80UKAR;C049;79;ZPB;08/09/2021;827374;DASER AGRO S.A.;A131;03/09/2021
858650371;10;137183843;LF;827374;DASER AGRO S.A.;00097079260;BRV8472PWUN SPR PWU COR CT CMQL BG80UKAR;C049;58;ZPB;08/09/2021;827374;DASER AGRO S.A.;A131;03/09/2021
858650373;10;137187988;LF;421680;ACEITERA GENERAL DEHEZA SA;00097079282;BRV8472PWUN C17 PWU COR CT CMQL BG80UKAR;C049;46;ZPB;03/09/2021;421680;ACEITERA GENERAL DEHEZA SA;A131;01/09/2021
858650373;20;137187988;LF;421680;ACEITERA GENERAL DEHEZA SA;00097079256;BRV8472PWUN R17 PWU COR CT CMQL BG80UKAR;C049;100;ZPB;03/09/2021;421680;ACEITERA GENERAL DEHEZA SA;A131;01/09/2021
858650375;10;137214574;LF;811682;RIBOLDI SA;00097071073;510PWU R18 PWU COR CT CMQL BG80UK AR;C344;469;ZPB;03/09/2021;811682;RIBOLDI SA;A131;01/09/2021
858650376;10;137188091;LF;1148049;PAMPA DEL CIELO SRL;00097079256;BRV8472PWUN R17 PWU COR CT CMQL BG80UKAR;C049;100;ZPB;07/09/2021;1148049;PAMPA DEL CIELO SRL;A131;31/08/2021
858650378;10;137214574;LF;811682;RIBOLDI SA;00097079256;BRV8472PWUN R17 PWU COR CT CMQL BG80UKAR;C049;800;ZPB;03/09/2021;811682;RIBOLDI SA;A131;02/09/2021
858650380;10;137214599;LF;1077555;NORTE FERTIL SRL;00097079281;BRV8472PWUN C16 PWU COR CT CMQL BG80UKAR;C049;540;ZPB;04/09/2021;1077555;NORTE FERTIL SRL;A131;01/09/2021
858650382;10;137216440;LF;698907;AGRO MATORRALES SA;00097079256;BRV8472PWUN R17 PWU COR CT CMQL BG80UKAR;C049;49;ZPB;03/09/2021;698907;AGRO MATORRALES SA;A131;01/09/2021
858650406;10;137224391;LF;422326;PIONEER ARGENTINA SRL;00097027001;RFG22RR SPC RR COR RCMQ BG80UK AR;L071;705;ZPB;04/09/2021;2008704;PIONEER ARGENTINA SRL;A131;01/09/2021
858650435;10;137202626;LF;421708;AGROFUTURO SRL;00000098714;PRESIDE BTLHPE4X5L ARG;C077;200,000;L;06/09/2021;421708;AGROFUTURO SRL;A131;01/09/2021
858650436;10;137148558;LF;421706;AGROEMPRESA COLON SA;00097079283;BRV8472PWUN C18 PWU COR CT CMQL BG80UKAR;C049;297;ZPB;04/09/2021;421706;AGROEMPRESA COLON SA;A131;01/09/2021
858650436;20;137148558;LF;421706;AGROEMPRESA COLON SA;00097079256;BRV8472PWUN R17 PWU COR CT CMQL BG80UKAR;C049;121;ZPB;04/09/2021;421706;AGROEMPRESA COLON SA;A131;01/09/2021
858650437;10;137148558;LF;421706;AGROEMPRESA COLON SA;00097079259;BRV8472PWUN SPC PWU COR CT CMQL BG80UKAR;C049;221;ZPB;03/09/2021;421706;AGROEMPRESA COLON SA;A131;01/09/2021
858650437;20;137148558;LF;421706;AGROEMPRESA COLON SA;00097079260;BRV8472PWUN SPR PWU COR CT CMQL BG80UKAR;C049;46;ZPB;03/09/2021;421706;AGROEMPRESA COLON SA;A131;01/09/2021
858650441;10;137150240;LF;422082;DISTRIBUIDORA ROYJO SRL;00097079283;BRV8472PWUN C18 PWU COR CT CMQL BG80UKAR;C049;107;ZPB;03/09/2021;2245367;DISTRIBUIDORA ROYJO SRL;A131;01/09/2021
858650441;20;137150240;LF;422082;DISTRIBUIDORA ROYJO SRL;00097079256;BRV8472PWUN R17 PWU COR CT CMQL BG80UKAR;C049;175;ZPB;03/09/2021;2245367;DISTRIBUIDORA ROYJO SRL;A131;01/09/2021
858650441;30;137150240;LF;422082;DISTRIBUIDORA ROYJO SRL;00097079260;BRV8472PWUN SPR PWU COR CT CMQL BG80UKAR;C049;174;ZPB;03/09/2021;2245367;DISTRIBUIDORA ROYJO SRL;A131;01/09/2021
858650442;10;137219687;LF;732722;CONEXA SA;00099069588;QUINTALXTRA BTLHPE4X5L ARG;C077;200,000;L;03/09/2021;1927429;CONEXA SA;A131;01/09/2021
858650467;10;4230334770;ZLC;811682;RIBOLDI SA;00000098714;PRESIDE BTLHPE4X5L ARG;C077;500,000;L;02/09/2021;811682;RIBOLDI SA;A131;01/09/2021
858650570;10;137150276;LF;348763;DESAB S.A.;00097029375;NEXT 22.6PWE C19 PWE COR RCMQ BG80UK AR;C049;144;ZPB;02/09/2021;348763;DESAB S.A.;A131;31/08/2021
858650574;10;137200446;LF;348763;DESAB S.A.;00097029375;NEXT 22.6PWE C19 PWE COR RCMQ BG80UK AR;C049;1.054;ZPB;02/09/2021;348763;DESAB S.A.;A131;31/08/2021
858650639;10;137183889;LF;1755777;AGROPECUARIA DON DAVID SA;00097071071;510PWU R16 PWU COR CT CMQL BG80UK AR;C344;1.000;ZPB;03/09/2021;2071837;ACEITERA GENERAL DEHEZA SA;A131;01/09/2021
858650640;10;137183889;LF;1755777;AGROPECUARIA DON DAVID SA;00097079255;BRV8472PWUN R16 PWU COR CT CMQL BG80UKAR;C049;300;ZPB;03/09/2021;2071837;ACEITERA GENERAL DEHEZA SA;A131;01/09/2021
858650733;10;137236364;LF;1108872;AGRO LAJITAS SA;00097029369;NEXT 22.6PWE R19 PWE COR RCMQ BG80UK AR;C049;252;ZPB;02/09/2021;10030354;AGRO LAJITAS SA;A131;31/08/2021
858650733;20;137236364;LF;1108872;AGRO LAJITAS SA;00097070888;RFG22RRE R21 ERR COR CT RCMQ BG80UK AR;C049;28;ZPB;02/09/2021;10030354;AGRO LAJITAS SA;A131;31/08/2021
858650865;10;4230334878;ZLC;1361482;MORETO DEPOSITO TERCEROS;00097027003;RFG22RR C17 RR COR RCMQ BG80UK AR;C049;360;ZPB;04/09/2021;10014053;MORETO DEPOSITO TERCEROS;A131;02/09/2021
858650866;10;4230334879;ZLC;348764;FEDEA S.A.;00097080398;NTO2.5CP G2 CP SUN LCLMD BG150UK AR;C049;3;ZPB;09/09/2021;1843799;FEDEA S.A.;A131;01/09/2021
858650890;10;137126009;LF;348767;SUMIDAS JV S.A.;00097029375;NEXT 22.6PWE C19 PWE COR RCMQ BG80UK AR;C049;236;ZPB;03/09/2021;10007404;SUMIDAS;A131;01/09/2021
858650893;10;137205816;LF;348767;SUMIDAS JV S.A.;00097029375;NEXT 22.6PWE C19 PWE COR RCMQ BG80UK AR;C049;700;ZPB;03/09/2021;2068241;SUMIDAS JV S.A.;A131;01/09/2021
858650956;10;137173545;LF;422062;COTAGRO COOPERATIVA;00097073234;NEXT22.6PWU SC17 PWU COR CT RCMQ BG80 AR;C049;1;ZPB;01/09/2021;10014053;MORETO DEPOSITO TERCEROS;A131;31/08/2021
858651012;10;137233279;LF;2385007;LIPSA SRL;00097079281;BRV8472PWUN C16 PWU COR CT CMQL BG80UKAR;C049;100;ZPB;03/09/2021;2071837;ACEITERA GENERAL DEHEZA SA;A131;01/09/2021
858651012;20;137233279;LF;2385007;LIPSA SRL;00097079255;BRV8472PWUN R16 PWU COR CT CMQL BG80UKAR;C049;221;ZPB;03/09/2021;2071837;ACEITERA GENERAL DEHEZA SA;A131;01/09/2021
858651012;30;137233279;LF;2385007;LIPSA SRL;00097079259;BRV8472PWUN SPC PWU COR CT CMQL BG80UKAR;C049;389;ZPB;03/09/2021;2071837;ACEITERA GENERAL DEHEZA SA;A131;01/09/2021
858651014;10;137233279;LF;2385007;LIPSA SRL;00099017483;RFG1RR R16 RR COR RCMQ BG80UK AR;C344;211;ZPB;03/09/2021;2071837;ACEITERA GENERAL DEHEZA SA;A131;01/09/2021
858651015;10;137233279;LF;2385007;LIPSA SRL;00097071079;510PWU C18 PWU COR CT CMQL BG80UK AR;C344;224;ZPB;15/09/2021;2071837;ACEITERA GENERAL DEHEZA SA;A131;13/09/2021
858651027;10;137184003;LF;421990;CARGILL SACEI;00097029356;ACRUX PWE C21 PWE COR RCMQ BG80UK AR;C344;450;ZPB;08/09/2021;1843381;CARGILL SACEI;A131;06/09/2021
858651192;10;137139366;LF;1108872;AGRO LAJITAS SA;00097079281;BRV8472PWU C16 PWU COR CT CMQL BG80UK AR;C049;68;ZPB;06/09/2021;1843007;AGRO LAJITAS SA;A131;31/08/2021
858651194;10;137139374;LF;1108872;AGRO LAJITAS SA;00097079281;BRV8472PWU C16 PWU COR CT CMQL BG80UK AR;C049;232;ZPB;06/09/2021;1843006;AGRO LAJITAS SA;A131;31/08/2021
858651194;20;137139374;LF;1108872;AGRO LAJITAS SA;00097079283;BRV8472PWU C18 PWU COR CT CMQL BG80UK AR;C049;308;ZPB;06/09/2021;1843006;AGRO LAJITAS SA;A131;31/08/2021
858651195;10;137141487;LF;10005915;ESTANCIA DON MIGUEL SRL;00097079281;BRV8472PWU C16 PWU COR CT CMQL BG80UK AR;C049;68;ZPB;07/09/2021;10005915;ESTANCIA DON MIGUEL SRL;A131;31/08/2021
858651200;10;137148556;LF;422228;LOS ALUXES S A;00097079282;BRV8472PWU C17 PWU COR CT CMQL BG80UK AR;C049;41;ZPB;07/09/2021;1842910;ACEITERA GENERAL DEHEZA SA;A131;01/09/2021
858651208;10;137191276;LF;10016032;EL CASTIGADO SRL;00097079282;BRV8472PWUN C17 PWU COR CT CMQL BG80UKAR;C049;30;ZPB;07/09/2021;10016032;EL CASTIGADO SRL;A131;31/08/2021
858651214;10;137195808;LF;10026935;TIERRA LEJANA SA;00097079282;BRV8472PWUN C17 PWU COR CT CMQL BG80UKAR;C049;25;ZPB;07/09/2021;2352105;SURGEN SRL;A131;31/08/2021
858651215;10;137197903;LF;1193809;AGROPECUARIA POZO LARGO SA;00097079282;BRV8472PWUN C17 PWU COR CT CMQL BG80UKAR;C049;80;ZPB;07/09/2021;1193809;AGROPECUARIA POZO LARGO SA;A131;01/09/2021
858651218;10;137210368;LF;421680;ACEITERA GENERAL DEHEZA SA;00097079282;BRV8472PWUN C17 PWU COR CT CMQL BG80UKAR;C049;38;ZPB;06/09/2021;421680;ACEITERA GENERAL DEHEZA SA;A131;02/09/2021
858651219;10;137214586;LF;1108872;AGRO LAJITAS SA;00097079281;BRV8472PWUN C16 PWU COR CT CMQL BG80UKAR;C049;57;ZPB;06/09/2021;1843007;AGRO LAJITAS SA;A131;31/08/2021
858651223;10;4230334581;ZLC;348756;AMBITO DAS S.A.;00097029374;NEXT 22.6PWE C17 PWE COR RCMQ BG80UK AR;C049;51;ZPB;15/09/2021;1031885;AMBITO DAS S.A.;A131;14/09/2021
858651239;10;137139380;LF;1108872;AGRO LAJITAS SA;00097079282;BRV8472PWU C17 PWU COR CT CMQL BG80UK AR;C049;34;ZPB;06/09/2021;1843007;AGRO LAJITAS SA;A131;31/08/2021
858651240;10;137139632;LF;1220382;AGROCOMERCIAL SUARDI SRL;00097079282;BRV8472PWU C17 PWU COR CT CMQL BG80UK AR;C049;300;ZPB;04/09/2021;1220382;AGROCOMERCIAL SUARDI SRL;A131;01/09/2021
858651240;20;137139632;LF;1220382;AGROCOMERCIAL SUARDI SRL;00097079283;BRV8472PWU C18 PWU COR CT CMQL BG80UK AR;C049;187;ZPB;04/09/2021;1220382;AGROCOMERCIAL SUARDI SRL;A131;01/09/2021
858651242;10;137146213;LF;10006209;LAS LANZAS S.A.;00097079282;BRV8472PWU C17 PWU COR CT CMQL BG80UK AR;C049;205;ZPB;07/09/2021;1843011;AGRO LAJITAS SA;A131;31/08/2021
858651243;10;137157648;LF;422082;DISTRIBUIDORA ROYJO SRL;00097079282;BRV8472PWUN C17 PWU COR CT CMQL BG80UKAR;C049;157;ZPB;06/09/2021;2245367;DISTRIBUIDORA ROYJO SRL;A131;02/09/2021
858651244;10;137164129;LF;10005410;CIA AZUCARERA SANTA LUCIA SA;00097079282;BRV8472PWUN C17 PWU COR CT CMQL BG80UKAR;C049;63;ZPB;07/09/2021;1108872;AGRO LAJITAS SA;A131;01/09/2021
858651245;10;137172001;LF;1108872;AGRO LAJITAS SA;00097079282;BRV8472PWUN C17 PWU COR CT CMQL BG80UKAR;C049;68;ZPB;07/09/2021;1843007;AGRO LAJITAS SA;A131;01/09/2021
858651246;10;137174445;LF;10026961;DO - FRA S.R.L.;00097079282;BRV8472PWUN C17 PWU COR CT CMQL BG80UKAR;C049;79;ZPB;07/09/2021;1843011;AGRO LAJITAS SA;A131;31/08/2021
858651247;10;137174451;LF;10008851;DON GOTARDO S.R.L.;00097079282;BRV8472PWUN C17 PWU COR CT CMQL BG80UKAR;C049;90;ZPB;07/09/2021;10017702;SURGEN SRL;A131;31/08/2021
858651248;10;137174455;LF;10027056;AGUARA S.A.;00097079282;BRV8472PWUN C17 PWU COR CT CMQL BG80UKAR;C049;33;ZPB;07/09/2021;10017702;SURGEN SRL;A131;31/08/2021
858651249;10;137174460;LF;10027056;AGUARA S.A.;00097079282;BRV8472PWUN C17 PWU COR CT CMQL BG80UKAR;C049;27;ZPB;07/09/2021;10017702;SURGEN SRL;A131;31/08/2021
858651250;10;137185273;LF;2346120;SURGEN SRL;00097079282;BRV8472PWUN C17 PWU COR CT CMQL BG80UKAR;C049;25;ZPB;07/09/2021;2352105;SURGEN SRL;A131;31/08/2021
858651251;10;137185317;LF;10027251;AGROTRADE S.R.L.;00097079282;BRV8472PWUN C17 PWU COR CT CMQL BG80UKAR;C049;20;ZPB;07/09/2021;10017702;SURGEN SRL;A131;31/08/2021
858651252;10;137188992;LF;10027206;LA ANATILDE SRL;00097079282;BRV8472PWUN C17 PWU COR CT CMQL BG80UKAR;C049;100;ZPB;07/09/2021;10027206;LA ANATILDE SRL;A131;31/08/2021
858651253;10;137214603;LF;750105;EL ALAMO SRL;00097079283;BRV8472PWUN C18 PWU COR CT CMQL BG80UKAR;C049;3;ZPB;06/09/2021;750105;EL ALAMO SRL;A131;02/09/2021
858651274;10;4230334934;ZLC;423753;AGRICOLA LOBERT LIMITADA;00000113739;TORDON101 BTLHPE12X1L CHL;L026;504,000;L;09/09/2021;423753;AGRICOLA LOBERT LIMITADA;A133;02/09/2021
858651279;10;4230334935;ZLC;1464822;MARTINEZ Y VALDIVIESO SA;00000113739;TORDON101 BTLHPE12X1L CHL;L026;48,000;L;09/09/2021;10000968;MARTINEZ Y VALDIVIESO SA;A133;02/09/2021
858651279;20;4230334935;ZLC;1464822;MARTINEZ Y VALDIVIESO SA;00000337393;GALANTPLUSR BTLCOX20L CHL;L026;100,000;L;09/09/2021;10000968;MARTINEZ Y VALDIVIESO SA;A133;02/09/2021
858651316;10;137139641;LF;750105;EL ALAMO SRL;00097079256;BRV8472PWU R17 PWU COR CT CMQL BG80UK AR;C049;10;ZPB;06/09/2021;750105;EL ALAMO SRL;A131;02/09/2021
858651317;10;137148549;LF;1108872;AGRO LAJITAS SA;00097079283;BRV8472PWUN C18 PWU COR CT CMQL BG80UKAR;C049;34;ZPB;06/09/2021;1843007;AGRO LAJITAS SA;A131;31/08/2021
858651318;10;137150234;LF;422082;DISTRIBUIDORA ROYJO SRL;00097079283;BRV8472PWUN C18 PWU COR CT CMQL BG80UKAR;C049;530;ZPB;06/09/2021;2245367;DISTRIBUIDORA ROYJO SRL;A131;02/09/2021
858651321;10;137150270;LF;698907;AGRO MATORRALES SA;00097079283;BRV8472PWUN C18 PWU COR CT CMQL BG80UKAR;C049;3;ZPB;06/09/2021;698907;AGRO MATORRALES SA;A131;02/09/2021
858651323;10;137160546;LF;421706;AGROEMPRESA COLON SA;00097079283;BRV8472PWUN C18 PWU COR CT CMQL BG80UKAR;C049;343;ZPB;06/09/2021;421706;AGROEMPRESA COLON SA;A131;02/09/2021
858651323;20;137160546;LF;421706;AGROEMPRESA COLON SA;00097079260;BRV8472PWUN SPR PWU COR CT CMQL BG80UKAR;C049;124;ZPB;06/09/2021;421706;AGROEMPRESA COLON SA;A131;02/09/2021
858651325;10;137164138;LF;10004407;INVERSORA BERDAL SA;00097079255;BRV8472PWUN R16 PWU COR CT CMQL BG80UKAR;C049;76;ZPB;07/09/2021;1843011;AGRO LAJITAS SA;A131;31/08/2021
858651326;10;137171999;LF;750105;EL ALAMO SRL;00097079283;BRV8472PWUN C18 PWU COR CT CMQL BG80UKAR;C049;143;ZPB;06/09/2021;750105;EL ALAMO SRL;A131;02/09/2021
858651707;10;137126124;LF;679010;TECNOCALCHIN SRL;00097079256;BRV8472PWU R17 PWU COR CT CMQL BG80UK AR;C049;336;ZPB;08/09/2021;679010;TECNOCALCHIN SRL;A131;06/09/2021
858651713;10;137126125;LF;1432385;SEMILLERIA BELTRAMO SA;00097079282;BRV8472PWU C17 PWU COR CT CMQL BG80UK AR;C049;300;ZPB;08/09/2021;1432385;SEMILLERIA BELTRAMO SA;A131;06/09/2021
858651715;10;137126127;LF;1159304;AGROIDEAS SA;00097079282;BRV8472PWU C17 PWU COR CT CMQL BG80UK AR;C049;203;ZPB;08/09/2021;10027676;AGROIDEAS SA;A131;06/09/2021
858651715;20;137126127;LF;1159304;AGROIDEAS SA;00097079259;BRV8472PWU SPC PWU COR CT CMQL BG80UK AR;C049;100;ZPB;08/09/2021;10027676;AGROIDEAS SA;A131;06/09/2021
858651719;10;137138989;LF;421680;ACEITERA GENERAL DEHEZA SA;00097079282;BRV8472PWU C17 PWU COR CT CMQL BG80UK AR;C049;106;ZPB;07/09/2021;2071837;ACEITERA GENERAL DEHEZA SA;A131;06/09/2021
858651719;20;137138989;LF;421680;ACEITERA GENERAL DEHEZA SA;00097079259;BRV8472PWU SPC PWU COR CT CMQL BG80UK AR;C049;200;ZPB;07/09/2021;2071837;ACEITERA GENERAL DEHEZA SA;A131;06/09/2021
858651720;10;137146332;LF;679010;TECNOCALCHIN SRL;00097079259;BRV8472PWUN SPC PWU COR CT CMQL BG80UKAR;C049;56;ZPB;08/09/2021;679010;TECNOCALCHIN SRL;A131;06/09/2021
858651724;10;137173539;LF;1159304;AGROIDEAS SA;00097079281;BRV8472PWUN C16 PWU COR CT CMQL BG80UKAR;C049;60;ZPB;08/09/2021;10027676;AGROIDEAS SA;A131;06/09/2021
858651724;20;137173539;LF;1159304;AGROIDEAS SA;00097079282;BRV8472PWUN C17 PWU COR CT CMQL BG80UKAR;C049;86;ZPB;08/09/2021;10027676;AGROIDEAS SA;A131;06/09/2021
858651726;10;137173542;LF;1159304;AGROIDEAS SA;00097079281;BRV8472PWUN C16 PWU COR CT CMQL BG80UKAR;C049;835;ZPB;08/09/2021;10027676;AGROIDEAS SA;A131;06/09/2021
858651726;20;137173542;LF;1159304;AGROIDEAS SA;00097079256;BRV8472PWUN R17 PWU COR CT CMQL BG80UKAR;C049;160;ZPB;08/09/2021;10027676;AGROIDEAS SA;A131;06/09/2021
858651732;10;137173546;LF;703320;CAVERZASI ORTIN Y CIA;00097079255;BRV8472PWUN R16 PWU COR CT CMQL BG80UKAR;C049;200;ZPB;08/09/2021;703320;CAVERZASI ORTIN Y CIA;A131;06/09/2021
858651738;10;137174129;LF;679010;TECNOCALCHIN SRL;00097079259;BRV8472PWUN SPC PWU COR CT CMQL BG80UKAR;C049;80;ZPB;08/09/2021;679010;TECNOCALCHIN SRL;A131;06/09/2021
858651739;10;137186776;LF;1159304;AGROIDEAS SA;00097079281;BRV8472PWUN C16 PWU COR CT CMQL BG80UKAR;C049;391;ZPB;08/09/2021;10027676;AGROIDEAS SA;A131;06/09/2021
858651906;10;4230335058;ZLC;1361482;MORETO DEPOSITO TERCEROS;00097070891;RFG22RRE SPR ERR COR CT RCMQ BG80UK AR;C049;151;ZPB;04/09/2021;10014053;MORETO DEPOSITO TERCEROS;A131;02/09/2021
858652007;10;4230335070;ZLC;422032;COOPERATIVA AGRARIA TRES;00097029375;NEXT 22.6PWE C19 PWE COR RCMQ BG80UK AR;C049;42;ZPB;09/09/2021;422032;COOPERATIVA AGRARIA TRES;A131;01/09/2021
858652031;10;137151868;LF;348767;SUMIDAS JV S.A.;00097079257;BRV8472PWUN R18 PWU COR CT CMQL BG80UKAR;C049;12;ZPB;06/09/2021;2068241;SUMIDAS JV S.A.;A131;02/09/2021
858652047;10;137160573;LF;421728;AGRONORT SA;00097079257;BRV8472PWUN R18 PWU COR CT CMQL BG80UKAR;C049;200;ZPB;06/09/2021;421728;AGRONORT SA;A131;02/09/2021
858652093;10;4230335098;ZLC;711987;MORERO Y CIA SACIAI Y F;00000113042;TORDOND30 PAILST20L ARG;C077;300,000;L;10/09/2021;2303034;MORERO Y CIA SACIAI Y F;A131;09/09/2021
858652095;10;4230335099;ZLC;1464822;MARTINEZ Y VALDIVIESO SA;00000114811;LONTREL3A BTLPE4X1GL CHL;L026;500,280;L;06/09/2021;10001585;MARTINEZ Y VALDIVIESO SA;A133;02/09/2021
858652096;10;4230335100;ZLC;1464822;MARTINEZ Y VALDIVIESO;00000114811;LONTREL3A BTLPE4X1GL CHL;L026;500,280;L;06/09/2021;10001426;MARTINEZ Y VALDIVIESO;A133;02/09/2021
858652113;10;4230332084;ZLC;421728;AGRONORT SA;00097071074;510PWU R20 PWU COR CT CMQL BG80UK AR;C344;108;ZPB;15/09/2021;421728;AGRONORT SA;A131;14/09/2021
858652130;10;137127441;LF;1693739;VETAGRO SRL;00097079256;BRV8472PWU R17 PWU COR CT CMQL BG80UK AR;C049;38;ZPB;07/09/2021;1693739;VETAGRO SRL;A131;01/09/2021
858652159;10;4230335111;ZLC;1464822;MARTINEZ Y VALDIVIESO SA;00000114811;LONTREL3A BTLPE4X1GL CHL;L026;303,200;L;09/09/2021;10000968;MARTINEZ Y VALDIVIESO SA;A133;02/09/2021
858652160;10;137216438;LF;421706;AGROEMPRESA COLON SA;00097071074;510PWU R20 PWU COR CT CMQL BG80UK AR;C344;50;ZPB;02/09/2021;421706;AGROEMPRESA COLON SA;A131;01/09/2021
858652162;10;4230332338;ZLC;1108872;AGRO LAJITAS SA;00097071074;510PWU R20 PWU COR CT CMQL BG80UK AR;C344;234;ZPB;20/09/2021;1843011;AGRO LAJITAS SA;A131;13/09/2021
858652185;10;137139638;LF;1077555;NORTE FERTIL SRL;00097079283;BRV8472PWU C18 PWU COR CT CMQL BG80UK AR;C049;67;ZPB;04/09/2021;1077555;NORTE FERTIL SRL;A131;01/09/2021
858652186;10;137243816;LF;430370;TATTERSALL AGROINSUMOS SA;00000317158;STARANEXTRA BTLCOX12X1L CHL;L026;96,000;L;07/09/2021;10007224;TATTERSALL AGROINSUMOS SA;A133;02/09/2021
858652187;10;137148558;LF;421706;AGROEMPRESA COLON SA;00097079257;BRV8472PWUN R18 PWU COR CT CMQL BG80UKAR;C049;177;ZPB;06/09/2021;421706;AGROEMPRESA COLON SA;A131;02/09/2021
858652188;10;137243858;LF;430370;TATTERSALL AGROINSUMOS SA;00097056060;MATRIX BTLHPE10X0.1KG CHL;L026;717,000;KG;07/09/2021;10000967;TATTERSALL AGROINSUMOS SA;A133;02/09/2021
858652189;10;137150240;LF;422082;DISTRIBUIDORA ROYJO SRL;00097079257;BRV8472PWUN R18 PWU COR CT CMQL BG80UKAR;C049;176;ZPB;06/09/2021;2245367;DISTRIBUIDORA ROYJO SRL;A131;02/09/2021
858652191;10;137160546;LF;421706;AGROEMPRESA COLON SA;00097079257;BRV8472PWUN R18 PWU COR CT CMQL BG80UKAR;C049;80;ZPB;07/09/2021;421706;AGROEMPRESA COLON SA;A131;03/09/2021
858652219;10;137241987;LF;10004381;GRINAAR SRL;00011097385;EXPEDITION BTLCOX4X5L ARG;C077;1.000,000;L;07/09/2021;10004416;GRINAAR SRL;A131;06/09/2021
858652266;10;4230335117;ZLC;1464822;MARTINEZ Y VALDIVIESO;00000114811;LONTREL3A BTLPE4X1GL CHL;L026;985,400;L;06/09/2021;10001426;MARTINEZ Y VALDIVIESO;A133;02/09/2021
858652278;10;137223079;LF;2344675;CERROS SERV AGRICOLAS SA;00097029365;NEXT 22.6PWU C19 PWU COR RCMQ BG80UK AR;C344;660;ZPB;26/08/2021;2408421;CERROS SERV AGRICOLAS SA;A131;25/08/2021
858652279;10;4230334326;ZLC;2344675;CERROS SERV AGRICOLAS SA;00097070887;RFG22RRE R19 ERR COR CT RCMQ BG80UK AR;C049;115;ZPB;30/08/2021;2408421;CERROS SERV AGRICOLAS SA;A131;27/08/2021
858652279;20;4230334326;ZLC;2344675;CERROS SERV AGRICOLAS SA;00097029376;NEXT 22.6PWE C21 PWE COR RCMQ BG80UK AR;C049;32;ZPB;30/08/2021;2408421;CERROS SERV AGRICOLAS SA;A131;27/08/2021
858652279;40;4230334326;ZLC;2344675;CERROS SERV AGRICOLAS SA;00097070888;RFG22RRE R21 ERR COR CT RCMQ BG80UK AR;C049;319;ZPB;30/08/2021;2408421;CERROS SERV AGRICOLAS SA;A131;27/08/2021
858652282;10;137127436;LF;348763;DESAB S.A.;00097029373;NEXT 22.6PWE SPR PWE COR RCMQ BG80UK AR;C049;38;ZPB;12/08/2021;1537583;RESGUARDO SERFIN SA;A131;11/08/2021
858652311;10;137235165;LF;447470;ECONOMART SRL;00097029360;NEXT 22.6PWU R21 PWU COR RCMQ BG80UK AR;C344;936;ZPB;28/08/2021;10030595;ECONOMART (PLANTA PEDRO LLORENTE);A131;27/08/2021
858652312;20;137237554;LF;10015745;RED COW SRL;00097079256;BRV8472PWU R17 PWU COR CT CMQL BG80UK AR;C049;410;ZPB;03/09/2021;2071837;ACEITERA GENERAL DEHEZA SA;A131;01/09/2021
858652392;10;4230335126;ZLC;1361482;MORETO DEPOSITO TERCEROS;00099017483;RFG1RR R16 RR COR RCMQ BG80UK AR;C344;572;ZPB;04/09/2021;10014053;MORETO DEPOSITO TERCEROS;A131;02/09/2021
858652393;10;4230335127;ZLC;1361482;MORETO DEPOSITO TERCEROS;00099017479;RFG1RR C16 RR COR RCMQ BG80UK AR;C344;174;ZPB;04/09/2021;10014053;MORETO DEPOSITO TERCEROS;A131;02/09/2021
858652417;10;137233279;LF;2385007;LIPSA SRL;00097072868;NEXT 25.8PWU C17 COR CT CMQL BG80UK AR;C049;500;ZPB;06/09/2021;2071837;ACEITERA GENERAL DEHEZA SA;A131;02/09/2021
858652428;10;137172588;LF;421706;AGROEMPRESA COLON SA;00097029374;NEXT 22.6PWE C17 PWE COR RCMQ BG80UK AR;C049;473;ZPB;06/09/2021;421706;AGROEMPRESA COLON SA;A131;02/09/2021
858652429;10;137203945;LF;703320;CAVERZASI ORTIN Y CIA;00097029374;NEXT 22.6PWE C17 PWE COR RCMQ BG80UK AR;C049;255;ZPB;08/09/2021;1843444;CAVERZASI ORTIN Y CIA;A131;06/09/2021
858652515;10;137184003;LF;421990;CARGILL SACEI;00097029349;ACRUX PWE R19 PWE COR RCMQ BG80UK AR;C344;288;ZPB;08/09/2021;1941707;CARGILL SACEI;A131;07/09/2021
858652534;10;4230335147;ZLC;348756;AMBITO DAS S.A.;00097029370;NEXT 22.6PWE R21 PWE COR RCMQ BG80UK AR;C049;13;ZPB;08/09/2021;1031885;AMBITO DAS S.A.;A131;07/09/2021
858652546;10;4230335148;ZLC;348756;AMBITO DAS S.A.;00097029369;NEXT 22.6PWE R19 PWE COR RCMQ BG80UK AR;C049;287;ZPB;08/09/2021;1031885;AMBITO DAS S.A.;A131;07/09/2021
858652550;10;4230335149;ZLC;348767;SUMIDAS JV S.A.;00000098714;PRESIDE BTLHPE4X5L ARG;C077;500,000;L;08/09/2021;2107704;SUMIDAS JV S.A.;A131;07/09/2021
858652567;10;4230333594;ZLC;1220382;AGROCOMERCIAL SUARDI SRL;00097071072;510PWU R17 PWU COR CT CMQL BG80UK AR;C344;100;ZPB;15/09/2021;1840779;AGROCOMERCIAL SUARDI SRL;A131;14/09/2021
858652574;10;4230335102;ZLC;1431239;AGRONOMIA EL GALPON SA;00097070893;RFG22RRE C19 ERR COR CT RCMQ BG80UK AR;C049;2;ZPB;09/09/2021;1431239;AGRONOMIA EL GALPON SA;A131;01/09/2021
858652574;20;4230335102;ZLC;1431239;AGRONOMIA EL GALPON SA;00097029374;NEXT 22.6PWE C17 PWE COR RCMQ BG80UK AR;C049;20;ZPB;09/09/2021;1431239;AGRONOMIA EL GALPON SA;A131;01/09/2021
858652670;10;4230335163;ZLC;802953;MERSAGRO SA;00097026998;RFG22RR R19 RR COR RCMQ BG80UK AR;C049;3;ZPB;07/09/2021;802953;MERSAGRO SA;A131;01/09/2021
858652672;10;4230335164;ZLC;348763;DESAB S.A.;00097079282;BRV8472PWUN C17 PWU COR CT CMQL BG80UKAR;C049;11;ZPB;03/09/2021;348763;DESAB S.A.;A131;01/09/2021
858652692;10;4230335167;ZLC;1519556;INSUMOS DEL CENTRO SA;00097078729;BRV8380PWU R19 PWU COR CT RCMQ BG80 AR;C344;70;BAG;02/09/2021;1844308;INSUMOS DEL CENTRO SA;A131;01/09/2021
858652711;10;137216489;LF;827369;TERRAMAR JV S.A.;00097029374;NEXT 22.6PWE C17 PWE COR RCMQ BG80UK AR;C049;98;ZPB;09/09/2021;2019401;TERRAMAR JV S.A.;A131;07/09/2021
858652713;10;137216489;LF;827369;TERRAMAR JV S.A.;00097029374;NEXT 22.6PWE C17 PWE COR RCMQ BG80UK AR;C049;438;ZPB;09/09/2021;1845690;TERRAMAR JV S.A.;A131;07/09/2021
858652713;20;137216489;LF;827369;TERRAMAR JV S.A.;00097029374;NEXT 22.6PWE C17 PWE COR RCMQ BG80UK AR;C049;50;ZPB;09/09/2021;1845690;TERRAMAR JV S.A.;A131;07/09/2021
858652715;10;137243754;LF;430370;TATTERSALL AGROINSUMOS SA;00097073032;FONTELIS BTLHPE4X5L CHL;L026;280,000;L;07/09/2021;1724485;TATTERSALL AGROINSUMOS SA;A133;02/09/2021
858652716;10;137243766;LF;430370;TATTERSALL AGROINSUMOS SA;00000337393;GALANTPLUSR BTLCOX20L CHL;L026;40,000;L;09/09/2021;1843699;TATTERSALL AGROINSUMOS SA;A133;02/09/2021
858652716;20;137243766;LF;430370;TATTERSALL AGROINSUMOS SA;00000114294;LONTREL3A BTLHPE12X1L CHL;L026;36,000;L;09/09/2021;1843699;TATTERSALL AGROINSUMOS SA;A133;02/09/2021
858652716;30;137243766;LF;430370;TATTERSALL AGROINSUMOS SA;00000104341;TORDON24K BTLHPE12X1L CHL;L026;12,000;L;09/09/2021;1843699;TATTERSALL AGROINSUMOS SA;A133;02/09/2021
858652718;10;137243776;LF;430370;TATTERSALL AGROINSUMOS SA;00097050184;LOYANT BTLFPE4X5L CHL;L026;300,000;L;07/09/2021;1724477;TATTERSALL AGROINSUMOS SA;A133;02/09/2021
858652722;10;137216489;LF;827369;TERRAMAR JV S.A.;00097029374;NEXT 22.6PWE C17 PWE COR RCMQ BG80UK AR;C049;61;ZPB;09/09/2021;2105639;TERRAMAR JV S.A.;A131;07/09/2021
858652723;10;137231280;LF;827369;TERRAMAR JV S.A.;00097029374;NEXT 22.6PWE C17 PWE COR RCMQ BG80UK AR;C049;182;ZPB;09/09/2021;2105639;TERRAMAR JV S.A.;A131;07/09/2021
858652800;10;137235294;LF;827369;TERRAMAR JV S.A.;00097029368;NEXT 22.6PWE R17 PWE COR RCMQ BG80UK AR;C049;120;ZPB;07/09/2021;1846031;TERRAMAR JV S.A.;A131;02/09/2021
858652801;10;137241713;LF;421990;CARGILL SACEI;00097070893;RFG22RRE C19 ERR COR CT RCMQ BG80UK AR;C049;20;ZPB;02/09/2021;1865691;CARGILL SACEI;A131;01/09/2021
858652802;10;137244900;LF;750033;CRESUD SAC I F Y A;00097070893;RFG22RRE C19 ERR COR CT RCMQ BG80UK AR;C049;10;BAG;03/09/2021;1865461;CRESUD SAC I F Y A;A131;02/09/2021
858652802;20;137244900;LF;750033;CRESUD SAC I F Y A;00097029375;NEXT 22.6PWE C19 PWE COR RCMQ BG80UK AR;C049;90;BAG;03/09/2021;1865461;CRESUD SAC I F Y A;A131;02/09/2021
858652804;10;137229706;LF;1482859;BURGOIS FABRICIO;00099071473;NEXT20.6PW R17 PW COR RCMQ BG80UK AR;C344;10;ZPB;04/09/2021;1862706;BURGOIS FABRICIO;A131;31/08/2021
858652805;10;137241467;LF;679010;TECNOCALCHIN SRL;00097078737;BRV8380PWU C21 PWU COR CT RCMQ BG80 AR;C344;54;ZPB;02/09/2021;679010;TECNOCALCHIN SRL;A131;01/09/2021
858652806;10;137226271;LF;2400491;GRUPO ABS S.R.L.;00097071076;510PWU SPR PWU COR CT CMQL BG80UK AR;C344;890;ZPB;12/09/2021;2400491;GRUPO ABS S.R.L.;A131;10/09/2021
858652807;10;137241713;LF;421990;CARGILL SACEI;00097029355;ACRUX PWE C19 PWE COR RCMQ BG80UK AR;C344;211;ZPB;02/09/2021;1865691;CARGILL SACEI;A131;01/09/2021
858652808;10;137243888;LF;2291700;LDC SEMILLAS;00097078681;NXM1122PWU C21 PWU COR CT RCMQ BG80 AR;C344;54;BAG;04/09/2021;2291700;LDC SEMILLAS;A131;03/09/2021
858652832;10;4230335181;ZLC;348767;SUMIDAS JV S.A.;00097050308;PANZERGOLDLS BTLHPE20L ARG;C077;1.200,000;L;08/09/2021;1066272;SUMIDAS JV S.A.;A131;07/09/2021
858653246;10;137174458;LF;430370;TATTERSALL AGROINSUMOS SA;00099034865;INDAR2F BTLHPE4X1GL CHL;L026;136,440;L;10/09/2021;1724485;TATTERSALL AGROINSUMOS SA;A133;07/09/2021
858653249;10;137211804;LF;430370;TATTERSALL AGROINSUMOS SA;00099034865;INDAR2F BTLHPE4X1GL CHL;L026;667,040;L;10/09/2021;1724478;TATTERSALL AGROINSUMOS SA;A133;07/09/2021
858653259;10;137222871;LF;430370;TATTERSALL AGROINSUMOS SA;00099034865;INDAR2F BTLHPE4X1GL CHL;L026;75,800;L;10/09/2021;1724477;TATTERSALL AGROINSUMOS SA;A133;07/09/2021
858653278;10;157039819;LF;460942;FEROSOR AGRICOLA SA;00000317161;STARANEXTRA BTLCOX4X5L CHL;L026;40,000;L;09/09/2021;1724415;FEROSOR AGRICOLA SA;A133;07/09/2021
858653279;10;157040072;LF;423876;COOPERATIVA AGRICOLA Y LECHERA;00000317161;STARANEXTRA BTLCOX4X5L CHL;L026;420,000;L;14/09/2021;2034501;COOPERATIVA AGRICOLA Y LECHERA;A133;07/09/2021
858653280;10;157040073;LF;423876;COOPERATIVA AGRICOLA Y LECHERA;00000317161;STARANEXTRA BTLCOX4X5L CHL;L026;300,000;L;14/09/2021;1724392;COOPERATIVA AGRICOLA Y LECHERA;A133;07/09/2021
858653281;10;157040074;LF;423876;COOPERATIVA AGRICOLA Y LECHERA;00000317161;STARANEXTRA BTLCOX4X5L CHL;L026;160,000;L;14/09/2021;1724391;COOPERATIVA AGRICOLA Y LECHERA;A133;07/09/2021
858653282;10;157040075;LF;423876;COOPERATIVA AGRICOLA Y LECHERA;00000317161;STARANEXTRA BTLCOX4X5L CHL;L026;120,000;L;14/09/2021;1724393;COOPERATIVA AGRICOLA Y LECHERA;A133;07/09/2021
858653283;10;157040164;LF;460942;FEROSOR AGRICOLA SA;00000317161;STARANEXTRA BTLCOX4X5L CHL;L026;40,000;L;14/09/2021;460942;FEROSOR AGRICOLA SA;A133;07/09/2021
858653284;10;157040204;LF;460942;FEROSOR AGRICOLA SA;00000317161;STARANEXTRA BTLCOX4X5L CHL;L026;80,000;L;14/09/2021;1724416;FEROSOR AGRICOLA SA;A133;07/09/2021
858653285;10;157040650;LF;423880;COOPERATIVA AGRICOLA LECHERA;00000317161;STARANEXTRA BTLCOX4X5L CHL;L026;60,000;L;09/09/2021;1724375;COOPERATIVA AGRICOLA LECHERA;A133;07/09/2021
858653286;10;157040664;LF;460942;FEROSOR AGRICOLA SA;00000317161;STARANEXTRA BTLCOX4X5L CHL;L026;120,000;L;09/09/2021;1724415;FEROSOR AGRICOLA SA;A133;07/09/2021
858653287;10;157040779;LF;423880;COOPERATIVA AGRICOLA LECHERA;00000317161;STARANEXTRA BTLCOX4X5L CHL;L026;100,000;L;09/09/2021;1934351;COOPERATIVA AGRICOLA LECHERA;A133;07/09/2021
858653288;10;157040933;LF;423880;COOPERATIVA AGRICOLA LECHERA;00000317161;STARANEXTRA BTLCOX4X5L CHL;L026;120,000;L;09/09/2021;1934351;COOPERATIVA AGRICOLA LECHERA;A133;07/09/2021
858653292;10;4230335276;ZLC;423851;COAGRA SA;00000317161;STARANEXTRA BTLCOX4X5L CHL;L026;60,000;L;14/09/2021;1104720;COAGRA SA;A133;07/09/2021
858653293;10;4230335278;ZLC;423851;COAGRA SA;00000317161;STARANEXTRA BTLCOX4X5L CHL;L026;40,000;L;09/09/2021;1724349;COAGRA SA;A133;07/09/2021
858653295;10;4230335280;ZLC;1464822;MARTINEZ Y VALDIVIESO SA;00099034865;INDAR2F BTLHPE4X1GL CHL;L026;90,960;L;10/09/2021;1959992;MARTINEZ Y VALDIVIESO SA;A133;07/09/2021
858653296;10;4230335281;ZLC;1464822;MARTINEZ Y VALDIVIESO SA;00099034865;INDAR2F BTLHPE4X1GL CHL;L026;90,960;L;10/09/2021;2361984;MARTINEZ Y VALDIVIESO SA;A133;07/09/2021
858653297;10;4230335282;ZLC;1464822;MARTINEZ Y VALDIVIESO SA;00099034865;INDAR2F BTLHPE4X1GL CHL;L026;30,320;L;10/09/2021;1932606;MARTINEZ Y VALDIVIESO SA;A133;07/09/2021
858653298;10;4230335283;ZLC;1464822;MARTINEZ Y VALDIVIESO SA;00099034865;INDAR2F BTLHPE4X1GL CHL;L026;75,800;L;10/09/2021;1724455;MARTINEZ Y VALDIVIESO SA;A133;07/09/2021
858653299;10;4230335284;ZLC;1464822;MARTINEZ Y VALDIVIESO SA;00099034865;INDAR2F BTLHPE4X1GL CHL;L026;15,160;L;10/09/2021;1935431;MARTINEZ Y VALDIVIESO SA;A133;07/09/2021
858653300;10;4230335286;ZLC;1464822;MARTINEZ Y VALDIVIESO SA;00099034865;INDAR2F BTLHPE4X1GL CHL;L026;90,960;L;10/09/2021;1724458;MARTINEZ Y VALDIVIESO SA;A133;07/09/2021
858653301;10;4230335287;ZLC;1464822;MARTINEZ Y VALDIVIESO SA;00000317161;STARANEXTRA BTLCOX4X5L CHL;L026;80,000;L;14/09/2021;1724457;MARTINEZ Y VALDIVIESO SA;A133;07/09/2021
858653302;10;4230335288;ZLC;1464822;MARTINEZ Y VALDIVIESO SA;00000317161;STARANEXTRA BTLCOX4X5L CHL;L026;80,000;L;14/09/2021;1724456;MARTINEZ Y VALDIVIESO SA;A133;07/09/2021
858653303;10;4230335289;ZLC;1464822;MARTINEZ Y VALDIVIESO SA;00099034865;INDAR2F BTLHPE4X1GL CHL;L026;303,200;L;10/09/2021;1724453;MARTINEZ Y VALDIVIESO SA;A133;07/09/2021
858653304;10;4230335291;ZLC;423851;COAGRA SA;00000317161;STARANEXTRA BTLCOX4X5L CHL;L026;60,000;L;14/09/2021;1967608;COAGRA SA;A133;07/09/2021
858653305;10;4230335292;ZLC;423851;COAGRA SA;00000317161;STARANEXTRA BTLCOX4X5L CHL;L026;40,000;L;09/09/2021;1724351;COAGRA SA;A133;07/09/2021
858653306;10;4230335293;ZLC;1464822;MARTINEZ Y VALDIVIESO SA;00099034865;INDAR2F BTLHPE4X1GL CHL;L026;75,800;L;10/09/2021;1464822;MARTINEZ Y VALDIVIESO SA;A133;07/09/2021
858653307;10;4230335295;ZLC;423887;COPEVAL SA;00000317161;STARANEXTRA BTLCOX4X5L CHL;L026;100,000;L;09/09/2021;1724410;COPEVAL SA;A133;07/09/2021
858653309;10;4230335296;ZLC;423887;COPEVAL SA;00099034865;INDAR2F BTLHPE4X1GL CHL;L026;2.334,640;L;10/09/2021;2009949;COPEVAL SA;A133;07/09/2021
858653310;10;4230335298;ZLC;423887;COPEVAL SA;00000317161;STARANEXTRA BTLCOX4X5L CHL;L026;40,000;L;14/09/2021;1724405;COPEVAL SA;A133;07/09/2021
858653311;10;4230335299;ZLC;423887;COPEVAL SA;00000317161;STARANEXTRA BTLCOX4X5L CHL;L026;60,000;L;09/09/2021;2009949;COPEVAL SA;A133;07/09/2021
858653312;10;4230335300;ZLC;423887;COPEVAL SA;00000317161;STARANEXTRA BTLCOX4X5L CHL;L026;300,000;L;14/09/2021;1724412;COPEVAL SA;A133;07/09/2021
858653313;10;4230335301;ZLC;423851;COAGRA SA;00000317161;STARANEXTRA BTLCOX4X5L CHL;L026;40,000;L;14/09/2021;1967608;COAGRA SA;A133;07/09/2021
858653316;10;4230335303;ZLC;423851;COAGRA SA;00097052130;MERITGOLD BTLHPE4X5L CHL;L026;20,000;L;09/09/2021;2067750;COAGRA SA;A133;07/09/2021
858653317;10;4230335304;ZLC;423851;COAGRA SA;00097052130;MERITGOLD BTLHPE4X5L CHL;L026;60,000;L;14/09/2021;1104720;COAGRA SA;A133;07/09/2021
858653319;10;4230335306;ZLC;423851;COAGRA SA;00000317161;STARANEXTRA BTLCOX4X5L CHL;L026;100,000;L;09/09/2021;1724351;COAGRA SA;A133;07/09/2021
858653324;10;4230335307;ZLC;1464822;MARTINEZ Y VALDIVIESO;00000317161;STARANEXTRA BTLCOX4X5L CHL;L026;80,000;L;09/09/2021;10001426;MARTINEZ Y VALDIVIESO;A133;07/09/2021
858653327;10;4230335308;ZLC;1464822;MARTINEZ Y VALDIVIESO SA;00000317161;STARANEXTRA BTLCOX4X5L CHL;L026;300,000;L;14/09/2021;10000968;MARTINEZ Y VALDIVIESO SA;A133;07/09/2021
858653328;10;4230335309;ZLC;423851;COAGRA SA;00097052130;MERITGOLD BTLHPE4X5L CHL;L026;40,000;L;09/09/2021;1724344;COAGRA SA;A133;07/09/2021
858653329;10;4230335311;ZLC;423851;COAGRA SA;00000317161;STARANEXTRA BTLCOX4X5L CHL;L026;100,000;L;09/09/2021;1724344;COAGRA SA;A133;07/09/2021
858653360;10;137245137;LF;750033;CRESUD SAC I F Y A;00097071077;510PWU C16 PWU COR CT CMQL BG80UK AR;C344;54;BAG;07/09/2021;1843648;CRESUD SAC I F Y A;A131;01/09/2021
858653360;20;137245137;LF;750033;CRESUD SAC I F Y A;00099017479;RFG1RR C16 RR COR RCMQ BG80UK AR;C344;6;BAG;07/09/2021;1843648;CRESUD SAC I F Y A;A131;01/09/2021
858653365;10;137220945;LF;827369;TERRAMAR JV S.A.;00097029368;NEXT 22.6PWE R17 PWE COR RCMQ BG80UK AR;C049;182;ZPB;04/09/2021;2247911;TERRAMAR JV S.A.;A131;01/09/2021
858653366;10;137220928;LF;827369;TERRAMAR JV S.A.;00097029368;NEXT 22.6PWE R17 PWE COR RCMQ BG80UK AR;C049;20;ZPB;04/09/2021;1845690;TERRAMAR JV S.A.;A131;01/09/2021
858653409;10;137160574;LF;421728;AGRONORT SA;00097029368;NEXT 22.6PWE R17 PWE COR RCMQ BG80UK AR;C049;504;ZPB;06/09/2021;421728;AGRONORT SA;A131;02/09/2021
858653410;10;137126017;LF;348767;SUMIDAS JV S.A.;00099079273;507PWU R16 PWU COR RCMQ BG80UK AR;C344;203;ZPB;06/09/2021;10007404;SUMIDAS;A131;02/09/2021
858653419;10;4230335321;ZLC;802953;MERSAGRO SA;00099069588;QUINTALXTRA BTLHPE4X5L ARG;C077;60,000;L;06/09/2021;802953;MERSAGRO SA;A131;03/09/2021
858653430;10;137208988;LF;1220382;AGROCOMERCIAL SUARDI SRL;00097029364;NEXT 22.6PWU C17 PWU COR RCMQ BG80UK AR;C049;474;ZPB;06/09/2021;1220382;AGROCOMERCIAL SUARDI SRL;A131;02/09/2021
858653430;20;137208988;LF;1220382;AGROCOMERCIAL SUARDI SRL;00097029364;NEXT 22.6PWU C17 PWU COR RCMQ BG80UK AR;C049;526;ZPB;06/09/2021;1220382;AGROCOMERCIAL SUARDI SRL;A131;02/09/2021
858653432;10;137244276;LF;827371;UBAJAY DAS S.A.;00097029364;NEXT 22.6PWU C17 PWU COR RCMQ BG80UK AR;C049;22;ZPB;10/09/2021;827371;UBAJAY DAS S.A.;A131;07/09/2021
858653433;10;137216435;LF;1220382;AGROCOMERCIAL SUARDI SRL;00097079260;BRV8472PWUN SPR PWU COR CT CMQL BG80UKAR;C049;100;ZPB;06/09/2021;1220382;AGROCOMERCIAL SUARDI SRL;A131;02/09/2021
858653443;10;137174180;LF;348764;FEDEA S.A.;00097029373;NEXT 22.6PWE SPR PWE COR RCMQ BG80UK AR;C049;414;ZPB;09/09/2021;1843799;FEDEA S.A.;A131;07/09/2021
858653493;10;137184003;LF;421990;CARGILL SACEI;00097029356;ACRUX PWE C21 PWE COR RCMQ BG80UK AR;C344;600;ZPB;08/09/2021;10030938;CARGILL SACEI;A131;07/09/2021
858653520;10;4230335359;ZLC;422032;COOPERATIVA AGRARIA TRES;00097065296;MERITWGPACK CPKHPE 4X(1.4+0.1)KG ARG;C077;108;UNT;07/09/2021;422032;COOPERATIVA AGRARIA TRES;A131;03/09/2021
858653520;11;;ZLC;422032;COOPERATIVA AGRARIA TRES;00097062225;MERITWG BTLHPE4X1.4KG ARG;C077;604,800;KG;07/09/2021;422032;COOPERATIVA AGRARIA TRES;A131;03/09/2021
858653520;12;;ZLC;422032;COOPERATIVA AGRARIA TRES;00097062196;METSULFURON PCKLAM0.1KG ARG;C077;43,200;KG;07/09/2021;422032;COOPERATIVA AGRARIA TRES;A131;03/09/2021
858653521;10;4230335361;ZLC;1431239;AGRONOMIA EL GALPON SA;00097065296;MERITWGPACK CPKHPE 4X(1.4+0.1)KG ARG;C077;70;UNT;10/09/2021;1431239;AGRONOMIA EL GALPON SA;A131;08/09/2021
858653521;11;;ZLC;1431239;AGRONOMIA EL GALPON SA;00097062225;MERITWG BTLHPE4X1.4KG ARG;C077;392,000;KG;10/09/2021;1431239;AGRONOMIA EL GALPON SA;A131;08/09/2021
858653521;12;;ZLC;1431239;AGRONOMIA EL GALPON SA;00097062196;METSULFURON PCKLAM0.1KG ARG;C077;28,000;KG;10/09/2021;1431239;AGRONOMIA EL GALPON SA;A131;08/09/2021
858653524;10;4230335363;ZLC;422110;AGROASA SA;00097065296;MERITWGPACK CPKHPE 4X(1.4+0.1)KG ARG;C077;40;UNT;07/09/2021;422110;AGROASA SA;A131;03/09/2021
858653524;11;;ZLC;422110;AGROASA SA;00097062225;MERITWG BTLHPE4X1.4KG ARG;C077;224,000;KG;07/09/2021;422110;AGROASA SA;A131;03/09/2021
858653524;12;;ZLC;422110;AGROASA SA;00097062196;METSULFURON PCKLAM0.1KG ARG;C077;16,000;KG;07/09/2021;422110;AGROASA SA;A131;03/09/2021
858653525;10;4230335365;ZLC;702672;COOP AGRICOLA GANADERA DE;00011118107;LONTREL3A BTLHPE4X5L ARG;C077;400,000;L;09/09/2021;1843639;COOP AGRICOLA GANADERA DE;A131;08/09/2021
858653526;10;4230335366;ZLC;827374;DASER AGRO S.A.;00097071073;510PWU R18 PWU COR CT CMQL BG80UK AR;C344;71;ZPB;22/09/2021;827374;DASER AGRO S.A.;A131;21/09/2021
858653532;10;137235272;LF;827369;TERRAMAR JV S.A.;00097029368;NEXT 22.6PWE R17 PWE COR RCMQ BG80UK AR;C049;658;ZPB;04/09/2021;827369;TERRAMAR JV S.A.;A131;01/09/2021
858653544;10;137217350;LF;10017153;DARIO MIGUEL TURLETTI;00097079257;BRV8472PWUN R18 PWU COR CT CMQL BG80UKAR;C049;51;ZPB;13/09/2021;10017522;DARIO MIGUEL TURLETTI;A131;06/09/2021
858653554;10;137217341;LF;10017153;DARIO MIGUEL TURLETTI;00097071075;510PWU SPC PWU COR CT CMQL BG80UK AR;C344;355;ZPB;15/09/2021;10017522;DARIO MIGUEL TURLETTI;A131;08/09/2021
858653555;10;137217347;LF;2400491;GRUPO ABS S.R.L.;00097071073;510PWU R18 PWU COR CT CMQL BG80UK AR;C344;325;ZPB;11/09/2021;2400491;GRUPO ABS S.R.L.;A131;10/09/2021
858653556;10;4230335374;ZLC;827375;RINDES Y CULTIVOS DAS S.A.;00097050308;PANZERGOLDLS BTLHPE20L ARG;C077;10.800,000;L;09/09/2021;1845234;RINDES Y CULTIVOS DAS S.A.;A131;08/09/2021
858653557;10;4230335375;ZLC;702672;COOP AGRICOLA GANADERA DE;00000298079;INTREPID240SC BTLHPE4X5L ARG;C077;300,000;L;09/09/2021;1843639;COOP AGRICOLA GANADERA DE;A131;08/09/2021
858653558;10;4230335376;ZLC;1092838;CAMPO Y MAR SA;00097065296;MERITWGPACK CPKHPE 4X(1.4+0.1)KG ARG;C077;5;UNT;07/09/2021;1092838;CAMPO Y MAR SA;A131;03/09/2021
858653558;11;;ZLC;1092838;CAMPO Y MAR SA;00097062225;MERITWG BTLHPE4X1.4KG ARG;C077;28,000;KG;07/09/2021;1092838;CAMPO Y MAR SA;A131;03/09/2021
858653558;12;;ZLC;1092838;CAMPO Y MAR SA;00097062196;METSULFURON PCKLAM0.1KG ARG;C077;2,000;KG;07/09/2021;1092838;CAMPO Y MAR SA;A131;03/09/2021
858653559;10;4230335377;ZLC;423851;COAGRA SA;00011051833;CLOSER BTLHPE12X1L CHL;L026;150,000;L;09/09/2021;1724348;COAGRA SA;A133;07/09/2021
858653566;10;137146280;LF;421689;AGRICULTORES FEDERADOS;00097079260;BRV8472PWUN SPR PWU COR CT CMQL BG80UKAR;C049;5;ZPB;08/09/2021;1762191;AGRICULTORES FEDERADOS;A131;07/09/2021
858653576;10;137211550;LF;2291700;LDC SEMILLAS;00097073676;7123PW R19 PW COR CT RCMQ BG80UK AR NEX;C344;432;ZPB;08/09/2021;10015069;LDC TECNOCAMPO (MONTE CRISTO);A131;06/09/2021
858653577;10;137211540;LF;2291700;LDC SEMILLAS;00097073676;7123PW R19 PW COR CT RCMQ BG80UK AR NEX;C344;269;ZPB;08/09/2021;10025882;LDC HECTOR VIDAL (ROLDAN);A131;07/09/2021
858653596;10;4230335381;ZLC;1191172;AGRUPACION CAMPONUEVO SA;00097065296;MERITWGPACK CPKHPE 4X(1.4+0.1)KG ARG;C077;142;UNT;07/09/2021;2085119;AGRUPACION CAMPONUEVO SA;A131;03/09/2021
858653596;11;;ZLC;1191172;AGRUPACION CAMPONUEVO SA;00097062225;MERITWG BTLHPE4X1.4KG ARG;C077;795,200;KG;07/09/2021;2085119;AGRUPACION CAMPONUEVO SA;A131;03/09/2021
858653596;12;;ZLC;1191172;AGRUPACION CAMPONUEVO SA;00097062196;METSULFURON PCKLAM0.1KG ARG;C077;56,800;KG;07/09/2021;2085119;AGRUPACION CAMPONUEVO SA;A131;03/09/2021
858653597;10;4230335382;ZLC;348764;FEDEA S.A.;00099074918;TOCONEXTRA BTLPET12X1L ARG;C077;48,000;L;09/09/2021;1843795;FEDEA S.A.;A131;08/09/2021
858653599;10;4230335383;ZLC;703320;CAVERZASI ORTIN Y CIA;00097029375;NEXT 22.6PWE C19 PWE COR RCMQ BG80UK AR;C049;150;ZPB;09/09/2021;1843444;CAVERZASI ORTIN Y CIA;A131;07/09/2021
858653635;10;137198514;LF;430370;TATTERSALL AGROINSUMOS SA;00000257290;KERB50W BOXCDB10X1KG CHL GF1281;L026;710,000;KG;09/09/2021;1724486;TATTERSALL AGROINSUMOS SA;A133;07/09/2021
858653638;10;137233618;LF;430370;TATTERSALL AGROINSUMOS SA;00000257290;KERB50W BOXCDB10X1KG CHL GF1281;L026;200,000;KG;14/09/2021;1843699;TATTERSALL AGROINSUMOS SA;A133;07/09/2021
858653648;10;4230335389;ZLC;423851;COAGRA SA;00000317161;STARANEXTRA BTLCOX4X5L CHL;L026;80,000;L;09/09/2021;1724349;COAGRA SA;A133;07/09/2021
858653671;10;4230335393;ZLC;423851;COAGRA SA;00000317161;STARANEXTRA BTLCOX4X5L CHL;L026;80,000;L;09/09/2021;1724349;COAGRA SA;A133;07/09/2021
858653672;10;4230335394;ZLC;423887;COPEVAL SA;00000317161;STARANEXTRA BTLCOX4X5L CHL;L026;240,000;L;14/09/2021;1724412;COPEVAL SA;A133;07/09/2021
858653688;10;137245312;LF;430370;TATTERSALL AGROINSUMOS SA;00097050184;LOYANT BTLFPE4X5L CHL;L026;20,000;L;14/09/2021;1724481;TATTERSALL AGROINSUMOS SA;A133;07/09/2021
858653689;10;157041092;LF;423880;COOPERATIVA AGRICOLA LECHERA;00011051833;CLOSER BTLHPE12X1L CHL;L026;24,000;L;09/09/2021;2010877;COOPERATIVA AGRICOLA LECHERA;A133;02/09/2021
858653689;20;157041092;LF;423880;COOPERATIVA AGRICOLA LECHERA;00000004465;GARLON4 BTLFPE4X1GL CHL;L026;75,800;L;09/09/2021;2010877;COOPERATIVA AGRICOLA LECHERA;A133;02/09/2021
858653690;10;157041116;LF;423876;COOPERATIVA AGRICOLA Y LECHERA;00000004465;GARLON4 BTLFPE4X1GL CHL;L026;227,400;L;14/09/2021;2034501;COOPERATIVA AGRICOLA Y LECHERA;A133;07/09/2021
858653690;20;157041116;LF;423876;COOPERATIVA AGRICOLA Y LECHERA;00000114811;LONTREL3A BTLPE4X1GL CHL;L026;181,920;L;14/09/2021;2034501;COOPERATIVA AGRICOLA Y LECHERA;A133;07/09/2021
858653690;30;157041116;LF;423876;COOPERATIVA AGRICOLA Y LECHERA;00000317158;STARANEXTRA BTLCOX12X1L CHL;L026;144,000;L;14/09/2021;2034501;COOPERATIVA AGRICOLA Y LECHERA;A133;07/09/2021
858653690;40;157041116;LF;423876;COOPERATIVA AGRICOLA Y LECHERA;00000104341;TORDON24K BTLHPE12X1L CHL;L026;180,000;L;14/09/2021;2034501;COOPERATIVA AGRICOLA Y LECHERA;A133;07/09/2021
858653690;50;157041116;LF;423876;COOPERATIVA AGRICOLA Y LECHERA;00000211718;TORDON24K BTLHPE4X4L CHL;L026;240,000;L;14/09/2021;2034501;COOPERATIVA AGRICOLA Y LECHERA;A133;07/09/2021
858653691;10;157041116;LF;423876;COOPERATIVA AGRICOLA Y LECHERA;00000317161;STARANEXTRA BTLCOX4X5L CHL;L026;600,000;L;14/09/2021;2034501;COOPERATIVA AGRICOLA Y LECHERA;A133;07/09/2021
858653692;10;157041116;LF;423876;COOPERATIVA AGRICOLA Y LECHERA;00011018868;VENCEWEEDEXTRA BTLHPE12X1L CHL;L026;300,000;L;14/09/2021;2034501;COOPERATIVA AGRICOLA Y LECHERA;A133;07/09/2021
858653692;20;157041116;LF;423876;COOPERATIVA AGRICOLA Y LECHERA;00097075653;PANZERGOLD TAL BTLHPE20L CHL;L026;2.080,000;L;14/09/2021;2034501;COOPERATIVA AGRICOLA Y LECHERA;A133;07/09/2021
858653695;10;157041117;LF;423876;COOPERATIVA AGRICOLA Y LECHERA;00000004465;GARLON4 BTLFPE4X1GL CHL;L026;90,960;L;14/09/2021;1724392;COOPERATIVA AGRICOLA Y LECHERA;A133;07/09/2021
858653695;20;157041117;LF;423876;COOPERATIVA AGRICOLA Y LECHERA;00000114811;LONTREL3A BTLPE4X1GL CHL;L026;90,960;L;14/09/2021;1724392;COOPERATIVA AGRICOLA Y LECHERA;A133;07/09/2021
858653695;30;157041117;LF;423876;COOPERATIVA AGRICOLA Y LECHERA;00000317158;STARANEXTRA BTLCOX12X1L CHL;L026;84,000;L;14/09/2021;1724392;COOPERATIVA AGRICOLA Y LECHERA;A133;07/09/2021
858653695;40;157041117;LF;423876;COOPERATIVA AGRICOLA Y LECHERA;00000104341;TORDON24K BTLHPE12X1L CHL;L026;60,000;L;14/09/2021;1724392;COOPERATIVA AGRICOLA Y LECHERA;A133;07/09/2021
858653695;50;157041117;LF;423876;COOPERATIVA AGRICOLA Y LECHERA;00000211718;TORDON24K BTLHPE4X4L CHL;L026;48,000;L;14/09/2021;1724392;COOPERATIVA AGRICOLA Y LECHERA;A133;07/09/2021
858653696;10;157041117;LF;423876;COOPERATIVA AGRICOLA Y LECHERA;00011018868;VENCEWEEDEXTRA BTLHPE12X1L CHL;L026;120,000;L;14/09/2021;1724392;COOPERATIVA AGRICOLA Y LECHERA;A133;07/09/2021
858653696;20;157041117;LF;423876;COOPERATIVA AGRICOLA Y LECHERA;00097075653;PANZERGOLD TAL BTLHPE20L CHL;L026;640,000;L;14/09/2021;1724392;COOPERATIVA AGRICOLA Y LECHERA;A133;07/09/2021
858653698;10;157041118;LF;423876;COOPERATIVA AGRICOLA Y LECHERA;00000004465;GARLON4 BTLFPE4X1GL CHL;L026;90,960;L;14/09/2021;1724391;COOPERATIVA AGRICOLA Y LECHERA;A133;07/09/2021
858653698;20;157041118;LF;423876;COOPERATIVA AGRICOLA Y LECHERA;00000114811;LONTREL3A BTLPE4X1GL CHL;L026;30,320;L;14/09/2021;1724391;COOPERATIVA AGRICOLA Y LECHERA;A133;07/09/2021
858653698;30;157041118;LF;423876;COOPERATIVA AGRICOLA Y LECHERA;00000317158;STARANEXTRA BTLCOX12X1L CHL;L026;24,000;L;14/09/2021;1724391;COOPERATIVA AGRICOLA Y LECHERA;A133;07/09/2021
858653698;40;157041118;LF;423876;COOPERATIVA AGRICOLA Y LECHERA;00011018868;VENCEWEEDEXTRA BTLHPE12X1L CHL;L026;120,000;L;14/09/2021;1724391;COOPERATIVA AGRICOLA Y LECHERA;A133;07/09/2021
858653698;50;157041118;LF;423876;COOPERATIVA AGRICOLA Y LECHERA;00097075653;PANZERGOLD TAL BTLHPE20L CHL;L026;640,000;L;14/09/2021;1724391;COOPERATIVA AGRICOLA Y LECHERA;A133;07/09/2021
858653699;10;157041118;LF;423876;COOPERATIVA AGRICOLA Y LECHERA;00000317161;STARANEXTRA BTLCOX4X5L CHL;L026;60,000;L;14/09/2021;1724391;COOPERATIVA AGRICOLA Y LECHERA;A133;07/09/2021
858653700;10;157041119;LF;423876;COOPERATIVA AGRICOLA Y LECHERA;00000004465;GARLON4 BTLFPE4X1GL CHL;L026;121,280;L;14/09/2021;1724393;COOPERATIVA AGRICOLA Y LECHERA;A133;07/09/2021
858653700;20;157041119;LF;423876;COOPERATIVA AGRICOLA Y LECHERA;00000114811;LONTREL3A BTLPE4X1GL CHL;L026;30,320;L;14/09/2021;1724393;COOPERATIVA AGRICOLA Y LECHERA;A133;07/09/2021
858653700;30;157041119;LF;423876;COOPERATIVA AGRICOLA Y LECHERA;00000317158;STARANEXTRA BTLCOX12X1L CHL;L026;12,000;L;14/09/2021;1724393;COOPERATIVA AGRICOLA Y LECHERA;A133;07/09/2021
858653700;40;157041119;LF;423876;COOPERATIVA AGRICOLA Y LECHERA;00000104341;TORDON24K BTLHPE12X1L CHL;L026;24,000;L;14/09/2021;1724393;COOPERATIVA AGRICOLA Y LECHERA;A133;07/09/2021
858653700;50;157041119;LF;423876;COOPERATIVA AGRICOLA Y LECHERA;00000211718;TORDON24K BTLHPE4X4L CHL;L026;48,000;L;14/09/2021;1724393;COOPERATIVA AGRICOLA Y LECHERA;A133;07/09/2021
858653701;10;157041119;LF;423876;COOPERATIVA AGRICOLA Y LECHERA;00097075653;PANZERGOLD TAL BTLHPE20L CHL;L026;640,000;L;14/09/2021;1724393;COOPERATIVA AGRICOLA Y LECHERA;A133;07/09/2021
858653733;10;4230335418;ZLC;348764;FEDEA S.A.;00097065296;MERITWGPACK CPKHPE 4X(1.4+0.1)KG ARG;C077;10;UNT;09/09/2021;1843795;FEDEA S.A.;A131;08/09/2021
858653733;11;;ZLC;348764;FEDEA S.A.;00097062225;MERITWG BTLHPE4X1.4KG ARG;C077;56,000;KG;09/09/2021;1843795;FEDEA S.A.;A131;08/09/2021
858653733;12;;ZLC;348764;FEDEA S.A.;00097062196;METSULFURON PCKLAM0.1KG ARG;C077;4,000;KG;09/09/2021;1843795;FEDEA S.A.;A131;08/09/2021
858653740;10;137157649;LF;421680;ACEITERA GENERAL DEHEZA SA;00097079283;BRV8472PWUN C18 PWU COR CT CMQL BG80UKAR;C049;235;ZPB;07/09/2021;2071837;ACEITERA GENERAL DEHEZA SA;A131;06/09/2021
858653740;20;137157649;LF;421680;ACEITERA GENERAL DEHEZA SA;00097079259;BRV8472PWUN SPC PWU COR CT CMQL BG80UKAR;C049;54;ZPB;07/09/2021;2071837;ACEITERA GENERAL DEHEZA SA;A131;06/09/2021
858653741;10;137210366;LF;421680;ACEITERA GENERAL DEHEZA SA;00097079283;BRV8472PWUN C18 PWU COR CT CMQL BG80UKAR;C049;565;ZPB;06/09/2021;421680;ACEITERA GENERAL DEHEZA SA;A131;02/09/2021
858653751;10;137214596;LF;421680;ACEITERA GENERAL DEHEZA SA;00097071079;510PWU C18 PWU COR CT CMQL BG80UK AR;C344;252;ZPB;05/09/2021;2071837;ACEITERA GENERAL DEHEZA SA;A131;02/09/2021
858653751;20;137214596;LF;421680;ACEITERA GENERAL DEHEZA SA;00097071080;510PWU C20 PWU COR CT CMQL BG80UK AR;C344;400;ZPB;05/09/2021;2071837;ACEITERA GENERAL DEHEZA SA;A131;02/09/2021
858653752;10;137214596;LF;421680;ACEITERA GENERAL DEHEZA SA;00097071079;510PWU C18 PWU COR CT CMQL BG80UK AR;C344;380;ZPB;05/09/2021;2071837;ACEITERA GENERAL DEHEZA SA;A131;02/09/2021
858653773;10;4230335426;ZLC;348756;AMBITO DAS S.A.;00097029370;NEXT 22.6PWE R21 PWE COR RCMQ BG80UK AR;C049;506;BAG;08/09/2021;1031885;AMBITO DAS S.A.;A131;07/09/2021
858653776;10;137245000;LF;422366;SA LA SIBILA;00000113039;TORDON24K BTLHPE4X5L ARG;C077;100,000;L;03/09/2021;1935112;SA LA SIBILA;A131;02/09/2021
858653792;10;4230335427;ZLC;348756;AMBITO DAS S.A.;00097029359;NEXT 22.6PWU R19 PWU COR RCMQ BG80UK AR;C344;200;BAG;09/09/2021;1031885;AMBITO DAS S.A.;A131;08/09/2021
858653859;10;137194820;LF;1519556;INSUMOS DEL CENTRO SA;00097070890;RFG22RRE SPC ERR COR CT RCMQ BG80UK AR;C049;5;ZPB;07/09/2021;1844308;INSUMOS DEL CENTRO SA;A131;06/09/2021
858653898;10;4230335450;ZLC;348756;AMBITO DAS S.A.;00097029375;NEXT 22.6PWE C19 PWE COR RCMQ BG80UK AR;C049;1.296;ZPB;08/09/2021;1031885;AMBITO DAS S.A.;A131;07/09/2021
858653899;10;4230335451;ZLC;348756;AMBITO DAS S.A.;00097029375;NEXT 22.6PWE C19 PWE COR RCMQ BG80UK AR;C049;204;ZPB;08/09/2021;1031885;AMBITO DAS S.A.;A131;07/09/2021
858653900;10;4230335452;ZLC;1464822;MARTINEZ Y VALDIVIESO SA;00000317161;STARANEXTRA BTLCOX4X5L CHL;L026;600,000;L;14/09/2021;10000968;MARTINEZ Y VALDIVIESO SA;A133;07/09/2021
858653901;10;4230335453;ZLC;698907;AGRO MATORRALES SA;00097071073;510PWU R18 PWU COR CT CMQL BG80UK AR;C344;50;ZPB;15/09/2021;698907;AGRO MATORRALES SA;A131;14/09/2021
858653903;10;4230335454;ZLC;348763;DESAB S.A.;00097071073;510PWU R18 PWU COR CT CMQL BG80UK AR;C344;340;ZPB;15/09/2021;348763;DESAB S.A.;A131;13/09/2021
858654452;10;137214596;LF;421680;ACEITERA GENERAL DEHEZA SA;00097071079;510PWU C18 PWU COR CT CMQL BG80UK AR;C344;1.368;ZPB;05/09/2021;2071837;ACEITERA GENERAL DEHEZA SA;A131;02/09/2021
858654453;10;137150276;LF;348763;DESAB S.A.;00097029375;NEXT 22.6PWE C19 PWE COR RCMQ BG80UK AR;C049;1.036;ZPB;02/09/2021;348763;DESAB S.A.;A131;31/08/2021
858654454;40;4230331608;ZLC;348764;FEDEA S.A.;00097071095;NEXT 22.6PWU C21 PWU COR CT CMQL BG80 AR;C049;323;ZPB;17/08/2021;1843795;FEDEA S.A.;A131;13/08/2021
858654456;10;4230334299;ZLC;802953;MERSAGRO SA;00097029370;NEXT 22.6PWE R21 PWE COR RCMQ BG80UK AR;C049;100;ZPB;07/09/2021;802953;MERSAGRO SA;A131;27/08/2021
858654466;10;137244717;LF;1883779;ESTABELECIMIENTOS LA NEGRA SA;00011118107;LONTREL3A BTLHPE4X5L ARG;C074;140,000;L;02/09/2021;1883779;ESTABELECIMIENTOS LA NEGRA SA;A131;02/09/2021
858654470;10;137237506;LF;693960;COOPERATIVA AGRICOLA GANADERA;00097071064;510PWU R20 PWU COR FS CT CMQL BG80UK AR;C344;110;ZPB;04/09/2021;693960;COOPERATIVA AGRICOLA GANADERA;A131;03/09/2021
858654500;10;137233603;LF;811682;RIBOLDI SA;00097071064;510PWU R20 PWU COR FS CT CMQL BG80UK AR;C344;1.000;ZPB;07/09/2021;811682;RIBOLDI SA;A131;03/09/2021
858654501;10;137237509;LF;693960;COOPERATIVA AGRICOLA GANADERA;00097071064;510PWU R20 PWU COR FS CT CMQL BG80UK AR;C344;85;ZPB;05/09/2021;693960;COOPERATIVA AGRICOLA GANADERA;A131;03/09/2021
858654502;10;137237526;LF;693960;COOPERATIVA AGRICOLA GANADERA;00097071064;510PWU R20 PWU COR FS CT CMQL BG80UK AR;C344;62;ZPB;05/09/2021;693960;COOPERATIVA AGRICOLA GANADERA;A131;03/09/2021
858654514;10;4230335558;ZLC;1358971;AGRONORTE CEREALES SRL;00011118107;LONTREL3A BTLHPE4X5L ARG;C077;300,000;L;09/09/2021;1358971;AGRONORTE CEREALES SRL;A131;08/09/2021
858654515;10;4230335559;ZLC;1358971;AGRONORTE CEREALES SRL;00011118107;LONTREL3A BTLHPE4X5L ARG;C077;300,000;L;09/09/2021;1358971;AGRONORTE CEREALES SRL;A131;08/09/2021
858654543;10;137241835;LF;421680;ACEITERA GENERAL DEHEZA SA;00000298079;INTREPID240SC BTLHPE4X5L ARG;C077;220,000;L;08/09/2021;2049959;ACEITERA GENERAL DEHEZA SA;A131;06/09/2021
858654545;10;137242108;LF;421680;ACEITERA GENERAL DEHEZA SA;00000298079;INTREPID240SC BTLHPE4X5L ARG;C077;300,000;L;07/09/2021;421680;ACEITERA GENERAL DEHEZA SA;A131;06/09/2021
858654569;10;4230335572;ZLC;1362701;COMPANIA DE INSUMOS Y GRANOS;00000113039;TORDON24K BTLHPE4X5L ARG;C077;1.000,000;L;07/09/2021;1362701;COMPANIA DE INSUMOS Y GRANOS;A131;06/09/2021
858654571;10;4230335573;ZLC;348763;DESAB S.A.;00011118107;LONTREL3A BTLHPE4X5L ARG;C077;140,000;L;07/09/2021;1843682;DESAB S.A.;A131;03/09/2021
858654588;10;4230335579;ZLC;679010;TECNOCALCHIN SRL;00099079300;507PWU C17 PWU COR RCMQ BG80UK AR;C344;401;ZPB;10/09/2021;679010;TECNOCALCHIN SRL;A131;09/09/2021
858654590;10;4230335580;ZLC;703320;CAVERZASI ORTIN Y CIA;00099075657;RFG2RR C16 RR COR RCMQ BG80UK AR;C344;60;ZPB;10/09/2021;1843444;CAVERZASI ORTIN Y CIA;A131;09/09/2021
858654623;10;137246496;LF;1261089;AGROPARTNERS SRL;00097073510;VESSARYA BTLFPE6L BOL;A987;5.004,000;L;06/09/2021;1261089;AGROPARTNERS SRL;A127;03/09/2021
858654631;10;137245591;LF;2291700;LDC SEMILLAS;00097078681;NXM1122PWU C21 PWU COR CT RCMQ BG80 AR;C344;300;BAG;09/09/2021;10015080;LDC RUCAMALEN (AMEGHINO);A131;07/09/2021
858654632;10;137245594;LF;2291700;LDC SEMILLAS;00097078681;NXM1122PWU C21 PWU COR CT RCMQ BG80 AR;C344;174;BAG;09/09/2021;10017212;LDC ASA (RIOS ESGUNDO);A131;08/09/2021
858654651;10;137235777;LF;1159304;AGROIDEAS SA;00097029365;NEXT 22.6PWU C19 PWU COR RCMQ BG80UK AR;C049;600;ZPB;07/09/2021;10027676;AGROIDEAS SA;A131;03/09/2021
858654656;10;137236427;LF;1159304;AGROIDEAS SA;00099079305;507PWU R18 PWU COR FS RCMQ BG80UK AR;C344;180;BAG;10/09/2021;10027676;AGROIDEAS SA;A131;08/09/2021
858654657;10;137239107;LF;1159304;AGROIDEAS SA;00097071079;510PWU C18 PWU COR CT CMQL BG80UK AR;C344;500;ZPB;10/09/2021;10027676;AGROIDEAS SA;A131;08/09/2021
858654658;10;137239112;LF;1159304;AGROIDEAS SA;00097071079;510PWU C18 PWU COR CT CMQL BG80UK AR;C344;200;ZPB;10/09/2021;10027676;AGROIDEAS SA;A131;08/09/2021
858654670;10;4230335612;ZLC;1159304;AGROIDEAS SA;00097066383;GALANTMAX BTLHPE4X5L ARG;C077;2.000,000;L;08/09/2021;2086026;AGROIDEAS SA;A131;06/09/2021
858654670;20;4230335612;ZLC;1159304;AGROIDEAS SA;00097081951;ERRADIK BTLHPE4X5L ARG;C077;3.000,000;L;08/09/2021;2086026;AGROIDEAS SA;A131;06/09/2021
858654713;10;137205796;LF;1192007;AGRON ESTUDIO TECNICO RURAL;00097018141;DELEGATE BTLHPE12X300GR ARG;C077;7,200;KG;07/09/2021;1192007;AGRON ESTUDIO TECNICO RURAL;A131;07/09/2021
858654713;20;137205796;LF;1192007;AGRON ESTUDIO TECNICO RURAL;00000122767;TRACERNATURALYT BTLHPE4X4X1L EXARG;C077;16,000;L;07/09/2021;1192007;AGRON ESTUDIO TECNICO RURAL;A131;07/09/2021
858654730;10;4230335628;ZLC;1464822;MARTINEZ Y VALDIVIESO SA;00097059536;DOMARK40EW(3PP) BTLHPE1L CHL;L026;900,000;L;14/09/2021;1724451;MARTINEZ Y VALDIVIESO SA;A133;07/09/2021
858654746;10;137160574;LF;421728;AGRONORT SA;00097029368;NEXT 22.6PWE R17 PWE COR RCMQ BG80UK AR;C049;138;ZPB;06/09/2021;421728;AGRONORT SA;A131;02/09/2021
858654761;10;4230335635;ZLC;1464822;MARTINEZ Y VALDIVIESO SA;00099034865;INDAR2F BTLHPE4X1GL CHL;L026;55,300;L;10/09/2021;10001585;MARTINEZ Y VALDIVIESO SA;A133;07/09/2021
858654762;10;4230335636;ZLC;1464822;MARTINEZ Y VALDIVIESO SA;00000318880;INTREPIDSC BTLHPE12X1L CHL FMARG;L026;204,000;L;09/09/2021;1724455;MARTINEZ Y VALDIVIESO SA;A133;07/09/2021
858654763;10;4230335637;ZLC;1464822;MARTINEZ Y VALDIVIESO SA;00000318880;INTREPIDSC BTLHPE12X1L CHL FMARG;L026;492,000;L;09/09/2021;1935431;MARTINEZ Y VALDIVIESO SA;A133;07/09/2021
858654799;10;4230335642;ZLC;423851;COAGRA SA;00000114811;LONTREL3A BTLPE4X1GL CHL;L026;30,320;L;14/09/2021;1967240;COAGRA SA;A133;07/09/2021
858654800;10;4230335643;ZLC;423851;COAGRA SA;00000317161;STARANEXTRA BTLCOX4X5L CHL;L026;140,000;L;14/09/2021;1967240;COAGRA SA;A133;07/09/2021
858654802;10;4230335644;ZLC;423851;COAGRA SA;00000114811;LONTREL3A BTLPE4X1GL CHL;L026;60,640;L;14/09/2021;1967228;COAGRA SA;A133;07/09/2021
858654817;10;137245130;LF;750070;ADECO AGROPECUARIA SA;00097059701;ENLIST BTLHPE20L ARG;C077;2.400,000;L;06/09/2021;2003492;FEDEA S.A.;A131;03/09/2021
858654824;10;137246568;LF;1261089;AGROPARTNERS SRL;00000317159;STARANEXTRA BTLCOX4X5L BOL;A987;2.000,000;L;06/09/2021;1261089;AGROPARTNERS SRL;A127;03/09/2021
858654824;20;137246568;LF;1261089;AGROPARTNERS SRL;00000317159;STARANEXTRA BTLCOX4X5L BOL;A987;10.000,000;L;06/09/2021;1261089;AGROPARTNERS SRL;A127;03/09/2021
858654862;10;4230335649;ZLC;421728;AGRONORT SA;00097050308;PANZERGOLDLS BTLHPE20L ARG;C077;3.600,000;L;07/09/2021;421728;AGRONORT SA;A131;06/09/2021
858654863;10;4230335650;ZLC;421728;AGRONORT SA;00097050308;PANZERGOLDLS BTLHPE20L ARG;C077;21.600,000;L;08/09/2021;421728;AGRONORT SA;A131;07/09/2021
858654864;10;4230335651;ZLC;421728;AGRONORT SA;00097050308;PANZERGOLDLS BTLHPE20L ARG;C077;21.600,000;L;08/09/2021;421728;AGRONORT SA;A131;07/09/2021
858654865;10;4230335652;ZLC;423851;COAGRA SA;00097050184;LOYANT BTLFPE4X5L CHL;L026;100,000;L;09/09/2021;1943775;COAGRA SA;A133;07/09/2021
858654866;10;4230335653;ZLC;423851;COAGRA SA;00097059536;DOMARK40EW(3PP) BTLHPE1L CHL;L026;72,000;L;09/09/2021;1893395;COAGRA SA;A133;07/09/2021
858654866;20;4230335653;ZLC;423851;COAGRA SA;00097073032;FONTELIS BTLHPE4X5L CHL;L026;80,000;L;09/09/2021;1893395;COAGRA SA;A133;07/09/2021
858654867;10;4230335654;ZLC;423851;COAGRA SA;00000337393;GALANTPLUSR BTLCOX20L CHL;L026;160,000;L;09/09/2021;1724344;COAGRA SA;A133;07/09/2021
858654867;20;4230335654;ZLC;423851;COAGRA SA;00000004465;GARLON4 BTLFPE4X1GL CHL;L026;75,800;L;09/09/2021;1724344;COAGRA SA;A133;07/09/2021
858654868;10;4230335655;ZLC;423851;COAGRA SA;00097073032;FONTELIS BTLHPE4X5L CHL;L026;20,000;L;09/09/2021;1724351;COAGRA SA;A133;07/09/2021
858654868;20;4230335655;ZLC;423851;COAGRA SA;00000114811;LONTREL3A BTLPE4X1GL CHL;L026;60,640;L;09/09/2021;1724351;COAGRA SA;A133;07/09/2021
858654869;10;4230335656;ZLC;1245485;NUTRIENTES SA;00000250801;SYSTHANE40WP PCHALU10X0.48KG ARG;C078;24,000;KG;03/09/2021;1245485;NUTRIENTES SA;A131;03/09/2021
858654870;10;4230335657;ZLC;423851;COAGRA SA;00000004465;GARLON4 BTLFPE4X1GL CHL;L026;60,640;L;09/09/2021;2067750;COAGRA SA;A133;07/09/2021
